name,type,period_start,period_end,commits,commit_ratio,added_lines,added_lines_ratio,deleted_lines,deleted_lines_ratio,add_minus_del,add_minus_del_ratio,contributors,contributor_ratio,files,files_ratio
https://www.github.com/0xAHA/Growatt_ModbusTCP,overall,2025-11-06T08:17:29+00:00,2026-02-24T00:42:24.884009+00:00,380,87.632,43472,93.621,13892,86.244,29580,97.086,5,60.0,94,72.34
https://www.github.com/0xHoneyJar/agentic-base,overall,2025-12-07T05:31:59+00:00,2026-02-24T01:31:11.041027+00:00,144,90.278,228035,72.331,30817,89.295,197218,69.68,3,33.333,578,95.329
https://www.github.com/23blocks-OS/ai-maestro,overall,2025-10-09T22:21:40+00:00,2026-02-24T00:49:10.508810+00:00,670,93.433,447248,96.732,282301,98.829,164947,93.143,7,71.429,760,97.368
https://www.github.com/A2G-Dev-Space/Local-CLI,overall,2025-11-03T06:29:40+00:00,2026-02-23T23:57:21.727934+00:00,392,83.673,199259,90.525,151101,90.894,48158,89.368,8,87.5,547,97.075
https://www.github.com/aagoldberg/ragecheck,overall,2026-01-08T18:29:15+00:00,2026-02-24T00:52:33.765753+00:00,460,94.348,86819,98.626,15883,93.597,70936,99.752,1,100.0,191,100.0
https://www.github.com/abacusnoir/smelter,overall,2025-09-11T23:05:40+00:00,2026-02-24T02:45:39.214082+00:00,111,97.297,38327,98.038,7267,100.0,31060,97.579,1,100.0,284,95.423
https://www.github.com/adrienbrault/geekmagic-hacs,overall,2025-12-13T08:26:47+00:00,2026-02-24T02:04:55.475467+00:00,257,90.661,58204,97.77,20044,96.089,38160,98.653,6,33.333,127,96.85
https://www.github.com/aeyakovenko/percolator,overall,2025-10-19T18:22:14+00:00,2026-02-23T23:43:32.513197+00:00,642,85.67,191363,95.326,171353,94.272,20010,104.348,4,75.0,881,99.659
https://www.github.com/aeyakovenko/percolator-cli,overall,2026-01-04T13:19:36+00:00,2026-02-24T02:48:39.232106+00:00,167,98.204,72009,99.944,34304,99.563,37705,100.292,4,25.0,300,99.333
https://www.github.com/agarcher/wt,overall,2026-01-10T19:17:31+00:00,2026-02-23T23:41:41.560074+00:00,82,89.024,13676,99.846,2311,99.221,11365,99.974,3,66.667,73,98.63
https://www.github.com/agentic-mcp-tools/memora,overall,2025-10-03T14:42:28+00:00,2026-02-24T02:27:07.037024+00:00,165,80.606,22469,88.433,5408,88.314,17061,88.471,2,100.0,54,94.444
https://www.github.com/agents-squads/squads-cli,overall,2025-12-30T01:33:16+00:00,2026-02-24T01:55:22.476638+00:00,281,81.851,61412,86.856,15094,93.766,46318,84.604,3,100.0,210,95.714
https://www.github.com/agit8or1/huduglue,overall,2026-01-15T22:33:08+00:00,2026-02-24T02:32:03.173112+00:00,619,79.806,5762669,99.539,13675,89.002,5748994,99.564,2,100.0,21587,99.852
https://www.github.com/AI-agents-incubator/supabase-wordpress,overall,2025-10-23T21:23:08+00:00,2026-02-23T23:43:52.077836+00:00,158,94.304,89080,99.719,78891,74.2,10189,297.311,3,66.667,265,99.623
https://www.github.com/aicodingstack/aicodingstack.io,overall,2025-11-16T01:55:20+00:00,2026-02-24T00:22:45.884104+00:00,331,91.843,140144,97.553,90273,97.448,49871,97.744,4,25.0,1092,99.176
https://www.github.com/ajamaica/lumiere,overall,2026-01-28T21:53:07+00:00,2026-02-23T23:40:27.184980+00:00,531,98.682,141054,99.987,64037,99.791,77017,100.149,2,100.0,511,100.0
https://www.github.com/akitaonrails/FrankMD,overall,2026-01-30T12:50:10+00:00,2026-02-24T00:16:49.432320+00:00,200,91.5,67582,95.977,19422,97.297,48160,95.444,2,100.0,308,98.377
https://www.github.com/akmatori/akmatori,overall,2025-12-29T23:25:18+00:00,2026-02-24T00:31:11.688411+00:00,98,84.694,37115,77.826,8198,90.839,28917,74.136,7,28.571,174,88.506
https://www.github.com/alexeykrol/claude-code-starter,overall,2025-10-07T23:35:01+00:00,2026-02-24T00:02:37.784100+00:00,191,81.152,89063,92.807,53945,94.52,35118,90.176,4,50.0,275,86.545
https://www.github.com/alexeykrol/supabase-wordpress,overall,2025-10-23T21:23:08+00:00,2026-02-24T02:31:40.144832+00:00,158,94.304,89080,99.719,78891,74.2,10189,297.311,3,66.667,265,99.623
https://www.github.com/alfredolopez80/multi-agent-ralph-loop,overall,2026-01-02T10:59:21+00:00,2026-02-24T00:06:53.302950+00:00,406,94.828,357949,89.25,69770,95.009,288179,87.855,5,100.0,1207,94.78
https://www.github.com/alibaizhanov/mengram,overall,2026-02-18T21:17:31+00:00,2026-02-24T00:30:14.171206+00:00,98,100.0,10689,100.0,2208,100.0,8481,100.0,1,100.0,56,100.0
https://www.github.com/alichherawalla/off-grid-mobile,overall,2026-01-29T11:06:23+00:00,2026-02-24T00:31:03.881851+00:00,533,83.677,149733,83.947,51120,86.733,98613,82.502,3,100.0,474,93.671
https://www.github.com/alsk1992/CloddsBot,overall,2026-01-27T00:59:15+00:00,2026-02-24T00:15:58.533617+00:00,375,93.067,393162,96.182,95093,92.071,298069,97.493,4,50.0,836,98.325
https://www.github.com/amir84ferdos/ComfyUI-ArchAi3d-Qwen,overall,2025-11-27T07:47:01+00:00,2026-02-23T23:52:36.767431+00:00,130,97.692,126638,98.665,5493,99.727,121145,98.617,1,100.0,564,99.645
https://www.github.com/andrefecto/Snapchat-Memories-Downloader,overall,2025-12-08T14:15:11+00:00,2026-02-23T23:40:06.085223+00:00,78,80.769,13532,54.057,5049,36.542,8483,64.482,6,16.667,24,58.333
https://www.github.com/andrew-blake/melcloudhome,overall,2025-11-15T22:57:56+00:00,2026-02-24T01:22:45.247643+00:00,94,75.532,122424,93.542,21914,89.135,100510,94.503,4,75.0,351,98.291
https://www.github.com/andrewedunn/hallucinating-splines,overall,2026-02-03T16:49:46+00:00,2026-02-24T00:08:38.772672+00:00,157,99.363,59467,99.936,3287,100.0,56180,99.932,1,100.0,162,100.0
https://www.github.com/ankimcp/anki-mcp-server,overall,2025-09-28T19:31:36+00:00,2026-02-24T01:48:41.405612+00:00,112,93.75,64896,99.949,18049,99.817,46847,100.0,1,100.0,171,100.0
https://www.github.com/ankurrera/Portfolio,overall,2025-12-08T08:17:12+00:00,2026-02-24T01:41:43.552371+00:00,379,95.778,63348,99.051,16397,94.054,46951,100.797,4,75.0,359,77.437
https://www.github.com/ankushdixit/solokit,overall,2025-10-10T20:55:26+00:00,2026-02-24T01:47:19.880330+00:00,218,94.037,260153,98.251,92037,96.235,168116,99.355,3,66.667,1399,99.714
https://www.github.com/anthropics/claudes-c-compiler,overall,2026-01-23T01:07:13+00:00,2026-02-24T01:34:41.021443+00:00,3958,99.949,472005,99.959,254908,100.0,217097,99.91,2,50.0,2597,99.923
https://www.github.com/antirez/flux2.c,overall,2026-01-17T22:46:23+00:00,2026-02-24T01:10:21.620669+00:00,218,79.817,45573,76.098,13482,48.873,32091,87.535,8,37.5,77,68.831
https://www.github.com/antirez/iris.c,overall,2026-01-17T22:46:23+00:00,2026-02-23T23:53:04.029251+00:00,218,79.817,45573,76.098,13482,48.873,32091,87.535,8,37.5,77,68.831
https://www.github.com/antopolskiy/kanban-md,overall,2026-02-07T13:11:02+00:00,2026-02-24T00:15:32.001081+00:00,237,83.544,63736,88.697,17327,92.919,46409,87.121,1,100.0,271,87.823
https://www.github.com/archanox/Win32Emu,overall,2025-09-25T08:57:44+00:00,2026-02-24T01:46:46.995952+00:00,3144,94.593,2236527,37.937,404848,79.541,1831679,28.741,8,50.0,4205,43.187
https://www.github.com/arimxyer/models,overall,2026-01-08T16:15:21+00:00,2026-02-24T00:41:54.531767+00:00,208,79.808,36083,92.007,16986,93.977,19097,90.255,4,50.0,46,89.13
https://www.github.com/arimxyer/pass-cli,overall,2025-09-28T22:32:43+00:00,2026-02-24T00:54:21.546291+00:00,829,90.953,253534,92.278,169597,94.508,83937,87.772,6,83.333,1021,98.629
https://www.github.com/Ark0N/Claudeman,overall,2026-01-18T03:50:46+00:00,2026-02-23T23:57:47.189993+00:00,674,81.899,187953,81.493,63845,75.058,124108,84.803,2,50.0,306,88.562
https://www.github.com/Arnoldlarry15/ARES-Dashboard,overall,2025-12-21T20:06:28+00:00,2026-02-24T01:53:46.039304+00:00,164,98.171,49435,99.994,8143,99.975,41292,99.998,3,66.667,180,99.444
https://www.github.com/aromanarguello/cc-usage,overall,2026-01-22T13:13:09+00:00,2026-02-24T00:16:30.274502+00:00,152,83.553,24829,87.571,8321,98.233,16508,82.197,3,100.0,127,94.488
https://www.github.com/arshka/pykalshi,overall,2026-02-01T08:47:11+00:00,2026-02-24T01:16:28.385057+00:00,101,76.238,23718,73.109,5006,76.049,18712,72.323,2,50.0,94,91.489
https://www.github.com/artivisi/aplikasi-akunting,overall,2025-11-19T14:05:56+00:00,2026-02-24T01:11:54.113288+00:00,702,88.746,284857,94.502,101012,94.031,183845,94.761,2,100.0,1503,96.806
https://www.github.com/artpar/terminal-tunnel,overall,2025-12-25T19:00:24+00:00,2026-02-24T02:43:56.509052+00:00,140,85.714,33686,98.338,5843,93.77,27843,99.296,1,100.0,108,100.0
https://www.github.com/arttttt/AnyClaude,overall,2026-01-24T23:30:02+00:00,2026-02-24T01:32:52.374803+00:00,291,78.007,57014,72.647,21901,85.434,35113,64.671,7,71.429,221,96.38
https://www.github.com/AsiaOstrich/universal-dev-standards,overall,2025-11-12T08:30:20+00:00,2026-02-24T01:51:09.155216+00:00,436,91.743,379236,82.65,66161,61.396,313075,87.142,3,100.0,1524,77.231
https://www.github.com/atgreen/icl,overall,2025-12-13T15:05:52+00:00,2026-02-24T02:29:04.009091+00:00,412,88.592,147263,99.257,25535,98.688,121728,99.376,1,100.0,345,93.043
https://www.github.com/atgreen/pure-tls,overall,2026-01-02T14:20:21+00:00,2026-02-24T00:36:00.325546+00:00,247,96.356,58681,97.933,5596,95.675,53085,98.171,1,100.0,207,98.551
https://www.github.com/autoscriptlabs/nccl-mesh-plugin,overall,2026-01-12T17:48:12+00:00,2026-02-24T01:59:38.195510+00:00,69,98.551,12047,99.992,1196,99.916,10851,100.0,2,50.0,27,100.0
https://www.github.com/AvivK5498/Beads-Kanban-UI,overall,2026-01-20T16:13:36+00:00,2026-02-23T23:41:06.800164+00:00,140,95.714,45370,63.24,3475,98.129,41895,60.346,2,100.0,181,66.851
https://www.github.com/avivsinai/agent-message-queue,overall,2025-12-25T06:09:55+00:00,2026-02-24T01:52:34.805273+00:00,132,86.364,44095,95.805,28132,35.746,15963,201.648,4,75.0,150,100.0
https://www.github.com/axiomhq/gilfoyle,overall,2026-01-25T14:31:56+00:00,2026-02-24T01:43:32.833571+00:00,134,77.612,72106,86.377,7317,79.636,64789,87.138,4,50.0,262,91.985
https://www.github.com/be-wise-be-kind/thai-lint,overall,2025-10-06T21:34:46+00:00,2026-02-24T01:05:16.176151+00:00,219,97.717,241607,99.853,43180,99.741,198427,99.878,5,60.0,789,99.873
https://www.github.com/benjaminshoemaker/ai_coding_project_base,overall,2025-12-28T08:08:40+00:00,2026-02-24T01:31:21.101923+00:00,203,85.714,48654,80.474,18481,89.833,30173,74.742,1,100.0,233,87.983
https://www.github.com/BigKAA/topologymetrics,overall,2026-02-05T16:23:37+00:00,2026-02-24T01:53:42.209514+00:00,144,92.361,93375,97.681,22589,93.599,70786,98.984,3,66.667,568,99.472
https://www.github.com/bikeshaving/ZenDB,overall,2025-12-12T21:27:53+00:00,2026-02-24T02:23:54.541850+00:00,140,86.429,33130,94.467,12583,91.767,20547,96.121,2,100.0,122,97.541
https://www.github.com/bitcoinecho/bitcoin-echo,overall,2025-12-06T02:10:39+00:00,2026-02-24T01:30:51.927468+00:00,427,79.391,461216,90.952,56834,56.839,404382,95.746,4,100.0,299,97.659
https://www.github.com/BjoernSchotte/atlcli,overall,2026-01-10T15:49:05+00:00,2026-02-23T23:53:23.946347+00:00,291,93.127,112660,93.883,12390,96.755,100270,93.528,3,66.667,366,97.268
https://www.github.com/blackms/aistack,overall,2026-01-24T14:18:10+00:00,2026-02-24T01:34:04.639124+00:00,96,89.583,73191,99.126,1995,85.614,71196,99.504,1,100.0,263,100.0
https://www.github.com/Blb3D/filaops,overall,2025-12-07T21:49:23+00:00,2026-02-24T01:39:18.109972+00:00,402,79.851,379557,73.254,202356,76.38,177201,69.684,3,66.667,1304,82.132
https://www.github.com/borenstein/yolo-cage,overall,2026-01-12T14:50:32+00:00,2026-02-24T00:41:24.214514+00:00,101,85.149,17834,99.305,9542,98.879,8292,99.795,4,50.0,160,99.375
https://www.github.com/boringdata/kurt-core,overall,2025-11-14T19:45:18+00:00,2026-02-24T00:32:18.858778+00:00,633,84.834,737401,49.9,174860,74.142,562541,42.365,7,100.0,2189,78.666
https://www.github.com/breaking-brake/cc-wf-studio,overall,2025-11-01T02:39:34+00:00,2026-02-24T02:26:12.473733+00:00,431,80.974,538632,95.894,414319,99.043,124313,85.397,9,88.889,370,94.324
https://www.github.com/breethomas/pm-thought-partner,overall,2025-10-23T20:35:35+00:00,2026-02-24T00:25:17.440653+00:00,133,84.962,34846,93.73,12868,92.765,21978,94.294,1,100.0,128,94.531
https://www.github.com/brennhill/gasoline-mcp-ai-devtools,overall,2026-01-02T20:34:15+00:00,2026-02-24T02:18:45.829894+00:00,304,79.934,855130,90.236,355610,86.924,499520,92.593,3,66.667,3323,91.032
https://www.github.com/Brooooooklyn/webcodecs-node,overall,2025-12-01T02:14:38+00:00,2026-02-23T23:42:19.889339+00:00,162,78.395,106587,94.515,31362,91.388,75225,95.819,3,100.0,156,96.154
https://www.github.com/BruinGrowly/Semantic-Compressor,overall,2025-11-15T01:27:11+00:00,2026-02-24T00:44:11.848376+00:00,112,85.714,111532,69.462,12811,80.478,98721,68.032,4,75.0,325,95.077
https://www.github.com/btravers/amqp-contract,overall,2025-12-12T00:10:24+00:00,2026-02-24T01:20:52.442775+00:00,219,79.909,130874,89.793,80960,84.88,49914,97.762,3,66.667,475,97.684
https://www.github.com/builders-garden/siwa,overall,2026-02-04T18:32:26+00:00,2026-02-24T02:12:12.395048+00:00,227,81.498,47355,66.122,22210,64.178,25145,67.839,7,28.571,232,79.741
https://www.github.com/camoa/claude-skills,overall,2025-12-06T19:57:53+00:00,2026-02-24T00:17:07.135524+00:00,196,92.347,78423,95.781,18913,97.927,59510,95.098,1,100.0,366,99.454
https://www.github.com/canmi21/seam,overall,2026-02-14T12:31:30+00:00,2026-02-24T01:47:00.339519+00:00,253,99.605,50994,99.925,12552,99.777,38442,99.974,1,100.0,659,100.0
https://www.github.com/CaptainCrouton89/crouton-kit,overall,2025-12-14T23:36:07+00:00,2026-02-24T02:02:44.315215+00:00,183,95.628,493524,99.826,460730,99.69,32794,101.747,3,33.333,404,99.257
https://www.github.com/carina-rs/carina,overall,2026-01-24T04:46:13+00:00,2026-02-24T02:00:01.425175+00:00,258,100.0,76299,100.0,25636,100.0,50663,100.0,1,100.0,292,100.0
https://www.github.com/cevr/effect-machine,overall,2026-01-25T22:33:04+00:00,2026-02-24T01:01:41.611384+00:00,96,77.083,49350,74.229,28610,89.371,20740,53.341,2,50.0,173,76.301
https://www.github.com/Chachamaru127/claude-code-harness,overall,2025-12-07T15:24:31+00:00,2026-02-24T01:30:02.058974+00:00,506,85.771,379121,76.664,156717,70.979,222404,80.669,5,80.0,2265,89.757
https://www.github.com/chalkan3/sloth-kubernetes,overall,2025-10-20T18:43:07+00:00,2026-02-24T02:28:10.008188+00:00,95,86.316,182450,97.102,53600,97.446,128850,96.959,4,75.0,528,100.0
https://www.github.com/ChipsAhoiMcCoy/TerrariaAccess,overall,2025-12-12T07:08:36+00:00,2026-02-24T01:31:35.603388+00:00,96,91.667,38351,98.047,76295,99.676,-37944,101.323,2,50.0,140,97.143
https://www.github.com/Chorus-AIDLC/Chorus,overall,2026-02-04T09:57:36+00:00,2026-02-23T23:55:42.792161+00:00,121,88.43,135416,99.256,44369,99.921,91047,98.932,3,66.667,333,100.0
https://www.github.com/ChrisRoyse/contextgraph,overall,2025-12-31T17:35:53+00:00,2026-02-24T01:37:37.414365+00:00,583,91.252,2185842,96.465,1746516,95.599,439326,99.912,1,100.0,3955,98.483
https://www.github.com/churnish/dynamic-views,overall,2025-11-03T13:37:34+00:00,2026-02-24T00:25:26.423248+00:00,819,75.092,187728,66.195,133217,60.325,54511,80.542,2,50.0,193,92.746
https://www.github.com/citypaul/scenarist,overall,2025-10-20T20:17:29+00:00,2026-02-24T01:11:25.003408+00:00,269,80.669,267247,92.516,81179,70.405,186068,102.163,3,33.333,1181,93.226
https://www.github.com/cloudnative-co/claude-code-starter-kit,overall,2026-02-10T19:25:28+00:00,2026-02-24T00:23:12.361072+00:00,128,75.0,5927,68.905,1960,77.755,3967,64.532,1,100.0,36,50.0
https://www.github.com/clucraft/PriceGhost,overall,2026-01-20T18:59:22+00:00,2026-02-24T01:34:23.106915+00:00,121,91.736,22645,99.779,1730,99.364,20915,99.814,2,50.0,57,100.0
https://www.github.com/CodeBambi/Conditioning-Control-Panel---CSharp-WPF,overall,2026-01-15T20:39:21+00:00,2026-02-23T23:53:36.148538+00:00,352,97.443,116883,99.977,37651,71.95,79232,113.295,1,100.0,205,100.0
https://www.github.com/codelaboratoryltd/bng,overall,2025-12-16T13:38:21+00:00,2026-02-24T02:35:52.128629+00:00,97,90.722,76683,94.682,4790,92.38,71893,94.835,2,100.0,191,98.429
https://www.github.com/CodesWhat/drydock,overall,2026-02-10T03:00:10+00:00,2026-02-24T02:32:23.642512+00:00,352,88.636,114053,85.198,82065,86.232,31988,82.547,3,66.667,620,95.161
https://www.github.com/coffee-cpu/capital-gains-uk-101,overall,2025-10-07T23:22:58+00:00,2026-02-24T00:22:53.251623+00:00,269,91.078,48547,80.079,8255,87.862,40292,78.485,8,37.5,222,90.991
https://www.github.com/coji/durably,overall,2025-12-08T07:50:59+00:00,2026-02-23T23:55:30.458892+00:00,263,90.114,62222,96.432,24133,91.112,38089,99.803,1,100.0,374,99.198
https://www.github.com/CollotsSpot/Ensemble,overall,2025-11-21T11:32:08+00:00,2026-02-24T00:32:41.336784+00:00,1502,84.221,159771,90.925,71542,88.63,88229,92.785,7,57.143,254,93.701
https://www.github.com/commoncurriculum/durable-streams-cloudflare,overall,2026-02-04T18:20:54+00:00,2026-02-24T01:54:01.696456+00:00,229,95.633,98121,95.732,51926,97.298,46195,93.971,2,100.0,886,98.646
https://www.github.com/Conway-Research/automaton,overall,2026-02-14T21:41:06+00:00,2026-02-24T02:42:57.897694+00:00,92,76.087,33008,96.222,2868,88.529,30140,96.954,13,61.538,124,96.774
https://www.github.com/cooneycw/claude-power-pack,overall,2025-12-06T18:06:44+00:00,2026-02-24T00:22:54.881972+00:00,96,98.958,38477,99.982,7907,99.987,30570,99.98,3,100.0,238,100.0
https://www.github.com/CoreWorxLab/CAAL,overall,2025-12-27T21:46:22+00:00,2026-02-24T01:44:42.174410+00:00,289,75.433,63359,77.337,31608,66.05,31751,88.574,4,75.0,373,92.761
https://www.github.com/coreyhaines31/marketingskills,overall,2026-01-15T23:43:04+00:00,2026-02-24T00:06:12.687686+00:00,81,81.481,45102,96.029,8019,96.895,37083,95.842,8,25.0,224,91.518
https://www.github.com/Cranot/roam-code,overall,2026-02-12T14:53:38+00:00,2026-02-23T23:47:02.770750+00:00,102,89.216,105116,88.698,6423,96.404,98693,88.197,3,33.333,344,82.267
https://www.github.com/Crosstalk-Solutions/unifi-toolkit,overall,2025-12-01T18:50:08+00:00,2026-02-24T02:24:37.743944+00:00,172,94.767,26022,99.181,5416,94.83,20606,100.325,6,16.667,101,99.01
https://www.github.com/crussella0129/Animus,overall,2026-01-26T06:22:19+00:00,2026-02-24T00:16:42.630608+00:00,135,92.593,96771,92.147,63838,98.377,32933,80.072,3,66.667,256,99.609
https://www.github.com/danielmiessler/Personal_AI_Infrastructure,overall,2025-09-09T14:28:16+00:00,2026-02-24T00:52:03.976874+00:00,510,78.824,1240023,77.989,390006,89.451,850017,72.73,27,55.556,10425,84.317
https://www.github.com/datadog-labs/pup,overall,2026-02-03T18:44:47+00:00,2026-02-24T00:46:15.681316+00:00,265,83.396,112738,91.8,84498,74.705,28240,142.95,24,58.333,405,95.556
https://www.github.com/DataDog/pup,overall,2026-02-03T18:44:47+00:00,2026-02-24T00:17:52.996670+00:00,261,83.142,108968,91.516,83750,74.479,25218,148.097,24,58.333,404,95.545
https://www.github.com/DataZooDE/anofox-forecast,overall,2025-12-22T14:43:38+00:00,2026-02-24T02:41:23.637638+00:00,451,84.701,118611,91.044,53834,95.737,64777,87.144,1,100.0,430,99.07
https://www.github.com/Dave-London/Pare,overall,2026-02-10T09:58:52+00:00,2026-02-24T00:59:22.018469+00:00,328,84.451,255265,75.909,18290,68.518,236975,76.479,8,62.5,1420,70.141
https://www.github.com/davetashner/stringer,overall,2026-02-07T19:27:54+00:00,2026-02-24T01:56:56.176953+00:00,234,97.009,89051,93.777,5602,98.411,83449,93.465,4,75.0,345,100.0
https://www.github.com/davidfowl/tally,overall,2025-12-26T19:05:51+00:00,2026-02-24T00:14:45.400467+00:00,311,86.817,57904,94.677,22979,92.38,34925,96.189,9,55.556,106,95.283
https://www.github.com/DavidLiedle/DriftDB,overall,2025-09-18T18:19:31+00:00,2026-02-24T00:15:49.220176+00:00,145,91.724,150287,98.727,20395,98.142,129892,98.819,1,100.0,512,98.828
https://www.github.com/DavidLiedle/Ferrix,overall,2025-09-27T00:06:09+00:00,2026-02-24T00:28:28.969298+00:00,187,90.909,86364,95.703,11534,69.178,74830,99.792,3,66.667,265,95.472
https://www.github.com/dcramer/dex,overall,2026-01-22T08:00:05+00:00,2026-02-24T01:20:25.617922+00:00,266,84.211,55262,89.997,16115,89.42,39147,90.234,5,100.0,252,98.413
https://www.github.com/deepeshBodh/human-in-loop,overall,2025-12-31T13:46:19+00:00,2026-02-24T02:46:36.983167+00:00,191,91.623,73419,85.989,27266,91.066,46153,82.989,1,100.0,394,98.477
https://www.github.com/Deerpfy/adhub,overall,2025-11-25T11:14:48+00:00,2026-02-24T01:49:26.569816+00:00,539,97.217,325525,94.237,64631,100.0,260894,92.81,5,40.0,745,97.45
https://www.github.com/defai-digital/AutomatosX,overall,2025-12-16T04:04:57+00:00,2026-02-23T23:59:59.039753+00:00,99,96.97,313176,99.797,59790,99.542,253386,99.857,4,50.0,1401,99.929
https://www.github.com/deivid11/tide-commander,overall,2026-01-20T00:28:22+00:00,2026-02-23T23:48:16.984431+00:00,332,79.518,255019,81.779,84080,73.877,170939,85.665,7,57.143,2248,97.598
https://www.github.com/DeL-TaiseiOzaki/claude-code-orchestra,overall,2025-12-03T03:18:17+00:00,2026-02-24T02:40:40.433397+00:00,109,84.404,22282,73.768,14530,97.928,7752,28.483,3,33.333,143,87.413
https://www.github.com/delinoio/delidev,overall,2026-01-29T08:09:07+00:00,2026-02-23T23:41:56.512755+00:00,105,87.619,92490,93.41,75592,73.137,16898,184.099,2,100.0,605,85.455
https://www.github.com/Dev-GOM/claude-code-marketplace,overall,2025-10-13T23:32:04+00:00,2026-02-24T01:37:41.891290+00:00,388,89.433,201846,91.402,69887,86.351,131959,94.077,2,100.0,1136,97.095
https://www.github.com/developeryesgames/nuvie-korean,overall,2026-01-08T05:26:07+00:00,2026-02-24T00:20:09.660086+00:00,109,95.413,209581,99.76,120713,88.781,88868,114.673,2,100.0,371,92.453
https://www.github.com/DGouron/review-flow,overall,2026-01-30T23:54:50+00:00,2026-02-24T02:39:49.913800+00:00,145,91.724,60551,83.054,15900,85.019,44651,82.354,3,33.333,453,92.274
https://www.github.com/dhruvbaldawa/ccconfigs,overall,2025-11-07T09:39:16+00:00,2026-02-23T23:51:51.366901+00:00,176,78.977,41981,86.441,26267,97.567,15714,67.844,3,100.0,144,90.278
https://www.github.com/DHxWhy/CCgather,overall,2026-01-07T01:53:14+00:00,2026-02-24T01:41:08.065014+00:00,563,97.869,191193,91.395,124534,83.324,66659,106.472,3,100.0,585,94.017
https://www.github.com/Dicklesworthstone/asupersync,overall,2026-01-16T05:22:09+00:00,2026-02-23T23:56:45.225826+00:00,2730,86.374,2331171,93.122,1664249,79.018,666922,128.318,2,100.0,1468,98.569
https://www.github.com/Dicklesworthstone/beads_viewer,overall,2025-11-26T18:10:42+00:00,2026-02-23T23:57:15.842104+00:00,1093,77.768,7930434,99.403,673109,76.197,7257325,101.555,4,50.0,4541,98.723
https://www.github.com/Dicklesworthstone/cass_memory_system,overall,2025-12-07T20:45:22+00:00,2026-02-23T23:45:11.607319+00:00,718,95.682,131190,88.104,33074,85.874,98116,88.855,3,66.667,269,94.796
https://www.github.com/Dicklesworthstone/charmed_rust,overall,2026-01-17T17:03:43+00:00,2026-02-24T00:43:56.961841+00:00,522,80.843,223725,91.157,47035,88.861,176690,91.768,2,100.0,1256,98.248
https://www.github.com/Dicklesworthstone/coding_agent_session_search,overall,2025-11-21T01:22:10+00:00,2026-02-24T00:22:10.804865+00:00,1699,80.106,655334,79.692,204915,90.259,450419,74.884,3,66.667,5032,98.291
https://www.github.com/Dicklesworthstone/fastmcp_rust,overall,2026-01-18T21:59:51+00:00,2026-02-24T00:46:08.251212+00:00,342,80.117,111997,83.832,12862,66.607,99135,86.066,2,100.0,708,98.023
https://www.github.com/Dicklesworthstone/frankenterm,overall,2026-01-18T20:00:55+00:00,2026-02-24T01:47:58.831981+00:00,2336,89.983,2157033,97.574,170378,81.025,1986655,98.993,3,100.0,3203,99.219
https://www.github.com/Dicklesworthstone/frankentui,overall,2026-01-31T19:21:41+00:00,2026-02-24T02:50:02.820916+00:00,2223,77.373,1488251,90.967,220159,88.061,1268092,91.472,2,100.0,2037,93.716
https://www.github.com/Dicklesworthstone/markdown_web_browser,overall,2025-11-07T17:31:30+00:00,2026-02-24T02:44:16.272410+00:00,128,93.75,66899,92.687,11759,95.986,55140,91.984,2,100.0,214,95.794
https://www.github.com/Dicklesworthstone/mcp_agent_mail,overall,2025-10-23T03:33:05+00:00,2026-02-24T01:56:10.383262+00:00,707,78.359,124847,92.364,25684,91.555,99163,92.574,4,50.0,307,97.068
https://www.github.com/Dicklesworthstone/mcp_agent_mail_rust,overall,2026-02-05T05:41:52+00:00,2026-02-24T00:26:16.295276+00:00,1004,94.124,575055,96.856,71614,96.619,503441,96.89,2,100.0,1183,99.493
https://www.github.com/Dicklesworthstone/meta_skill,overall,2026-01-13T22:33:23+00:00,2026-02-24T00:41:51.402172+00:00,416,92.067,221396,94.742,25143,78.328,196253,96.845,2,100.0,425,92.235
https://www.github.com/Dicklesworthstone/ntm,overall,2025-12-10T07:02:45+00:00,2026-02-24T01:04:10.216379+00:00,2251,84.007,814631,83.108,87453,80.591,727178,83.411,3,66.667,1684,89.608
https://www.github.com/Dicklesworthstone/opentui_rust,overall,2026-01-19T23:42:44+00:00,2026-02-24T02:37:47.906599+00:00,317,90.536,96845,96.788,10087,88.916,86758,97.703,2,100.0,1072,100.0
https://www.github.com/Dicklesworthstone/phage_explorer,overall,2025-12-06T21:57:11+00:00,2026-02-24T00:37:22.142863+00:00,973,84.584,257701,86.141,47599,73.462,210102,89.013,2,100.0,633,95.577
https://www.github.com/Dicklesworthstone/pi_agent_rust,overall,2026-02-02T18:20:41+00:00,2026-02-24T00:00:46.012491+00:00,1881,78.363,4467324,96.194,161339,87.39,4305985,96.524,1,100.0,19748,98.815
https://www.github.com/Dicklesworthstone/wezterm_automata,overall,2026-01-18T20:00:55+00:00,2026-02-24T02:50:43.830423+00:00,2351,90.047,2162291,97.58,170378,81.025,1991913,98.996,3,100.0,3203,99.219
https://www.github.com/djust-org/djust,overall,2026-01-16T16:28:16+00:00,2026-02-24T00:35:34.375206+00:00,474,93.46,153740,91.772,25306,85.177,128434,93.072,3,66.667,638,99.687
https://www.github.com/dlorenc/multiclaude,overall,2026-01-18T16:03:09+00:00,2026-02-24T00:17:16.090559+00:00,205,99.512,75360,99.176,22170,95.665,53190,100.639,6,100.0,159,98.742
https://www.github.com/dlt/pg_glimpse,overall,2026-02-04T08:56:01+00:00,2026-02-24T00:19:52.464103+00:00,258,85.659,48217,86.409,16239,96.521,31978,81.275,2,50.0,186,100.0
https://www.github.com/dnnsjsk/tailwindphp,overall,2025-12-01T08:34:47+00:00,2026-02-24T02:33:34.274674+00:00,206,97.087,158866,99.968,55872,99.554,102994,100.192,1,100.0,680,100.0
https://www.github.com/DNYoussef/context-cascade,overall,2025-11-01T18:13:33+00:00,2026-02-24T00:00:00.560232+00:00,206,91.262,3635648,76.409,2587090,85.373,1048558,54.294,2,100.0,9311,89.314
https://www.github.com/docToolchain/dacli,overall,2026-01-20T20:10:24+00:00,2026-02-24T02:38:37.222485+00:00,230,83.913,59515,95.833,24420,27.027,35095,143.71,7,71.429,243,95.885
https://www.github.com/Doist/todoist-cli,overall,2026-01-09T02:06:39+00:00,2026-02-24T01:09:22.812804+00:00,122,85.246,50629,90.326,22411,96.68,28218,85.279,9,55.556,126,96.032
https://www.github.com/DonutsDelivery/simple-code-gui,overall,2025-12-26T12:33:11+00:00,2026-02-23T23:45:44.124823+00:00,235,81.277,183921,83.592,127506,47.973,56415,164.098,2,50.0,375,100.0
https://www.github.com/DRMacIver/claude-reliability,overall,2026-01-19T13:12:04+00:00,2026-02-23T23:44:01.436386+00:00,297,80.808,69264,96.37,29892,92.449,39372,99.347,2,50.0,329,98.48
https://www.github.com/dtcxzyw/tuffy,overall,2026-02-07T20:21:53+00:00,2026-02-24T02:24:09.715193+00:00,437,99.314,38833,99.925,10515,99.886,28318,99.94,1,100.0,173,100.0
https://www.github.com/dtsola/xiaoyaosearch,overall,2025-11-12T06:46:41+00:00,2026-02-24T01:34:35.396238+00:00,240,92.917,243416,82.596,164013,48.374,79403,153.283,2,50.0,697,82.496
https://www.github.com/durable-streams/durable-streams,overall,2025-12-04T22:40:02+00:00,2026-02-23T23:51:09.208984+00:00,398,85.93,76737,85.052,30324,87.716,46413,83.311,17,47.059,433,88.453
https://www.github.com/ecto/muni,overall,2026-01-05T02:00:25+00:00,2026-02-24T00:21:35.590476+00:00,372,87.366,406966,56.958,148113,63.791,258853,53.047,1,100.0,806,79.404
https://www.github.com/ecto/vcad,overall,2026-01-27T18:18:24+00:00,2026-02-24T01:25:54.810298+00:00,425,94.588,296392,97.281,53384,93.762,243008,98.054,1,100.0,939,97.977
https://www.github.com/egeominotti/bunqueue,overall,2026-01-28T22:07:54+00:00,2026-02-24T01:08:09.592357+00:00,359,90.808,199705,99.893,56901,89.566,142804,104.008,1,100.0,646,99.845
https://www.github.com/eigenpal/docx-js-editor,overall,2026-02-01T15:43:07+00:00,2026-02-24T01:45:37.744333+00:00,422,86.256,592674,31.496,61406,96.637,531268,23.967,3,66.667,506,94.071
https://www.github.com/ekusiadadus/ek-transcript,overall,2025-12-05T13:35:49+00:00,2026-02-24T02:18:18.196011+00:00,108,94.444,67443,99.95,9436,99.968,58007,99.947,2,50.0,314,85.032
https://www.github.com/elleryfamilia/thicc,overall,2025-12-28T14:18:47+00:00,2026-02-24T00:54:09.687747+00:00,141,96.454,37776,96.927,4686,93.705,33090,97.383,2,100.0,192,99.479
https://www.github.com/emmtrix/emx-onnx-cgen,overall,2026-01-09T17:40:42+00:00,2026-02-24T00:15:54.007660+00:00,501,86.427,182658,96.393,100792,88.838,81866,105.693,5,60.0,2373,99.663
https://www.github.com/enspirit/elo,overall,2025-12-22T19:37:30+00:00,2026-02-24T02:06:55.803437+00:00,435,82.759,131370,56.208,27172,97.946,104198,45.323,2,100.0,1574,93.71
https://www.github.com/eranshir/tidy,overall,2026-01-23T11:59:27+00:00,2026-02-24T01:15:55.322502+00:00,142,93.662,33690,97.7,2663,96.808,31027,97.776,1,100.0,84,98.81
https://www.github.com/ericksoa/agentic-evolve,overall,2025-12-25T18:12:57+00:00,2026-02-24T01:57:33.702912+00:00,412,95.146,3890408,99.951,255030,99.56,3635378,99.979,2,50.0,6317,99.905
https://www.github.com/erikdarlingdata/PerformanceMonitor,overall,2026-02-11T16:48:32+00:00,2026-02-24T00:36:20.455120+00:00,123,87.805,16521,94.746,4884,93.571,11637,95.239,3,33.333,189,95.238
https://www.github.com/eurusik/ratingo,overall,2026-01-14T08:50:43+00:00,2026-02-24T02:26:51.385067+00:00,176,98.295,84834,99.988,17230,99.994,67604,99.987,3,100.0,542,100.0
https://www.github.com/evan043/claude-cli-advanced-starter-pack,overall,2026-01-30T10:20:21+00:00,2026-02-24T01:40:16.370479+00:00,309,84.142,390462,95.432,83871,99.192,306591,94.403,3,100.0,1137,97.801
https://www.github.com/evanroth/Screen-Sampler,overall,2025-12-07T19:36:45+00:00,2026-02-24T00:30:44.168801+00:00,264,96.591,23972,99.6,9395,99.351,14577,99.76,3,33.333,37,94.595
https://www.github.com/everruns/bashkit,overall,2026-01-31T00:05:54+00:00,2026-02-24T01:32:30.781318+00:00,149,100.0,138890,100.0,5983,100.0,132907,100.0,2,50.0,245,100.0
https://www.github.com/Everyone-Needs-A-Copilot/claude-copilot,overall,2025-12-21T17:31:43+00:00,2026-02-24T02:52:14.055257+00:00,158,98.734,241542,96.955,129806,99.944,111736,93.484,2,100.0,748,98.262
https://www.github.com/Eyevinn/strom,overall,2025-11-14T09:49:55+00:00,2026-02-24T01:52:58.383686+00:00,523,93.881,156452,98.954,53834,99.021,102618,98.919,7,57.143,328,97.561
https://www.github.com/fenilsonani/email-server,overall,2025-12-20T04:00:36+00:00,2026-02-24T00:39:54.588798+00:00,166,87.349,117648,99.363,7840,98.112,109808,99.453,3,66.667,332,99.699
https://www.github.com/finchvox/finchvox,overall,2026-01-09T22:57:46+00:00,2026-02-23T23:50:44.531530+00:00,148,76.351,13091,60.973,4796,81.13,8295,49.319,1,100.0,74,85.135
https://www.github.com/Finrandojin/alexandria-audiobook,overall,2026-02-03T10:42:27+00:00,2026-02-23T23:46:39.442128+00:00,143,84.615,17703,81.495,6082,88.047,11621,78.066,4,75.0,80,96.25
https://www.github.com/firestaerter3/Jellyfin-Xtream-Library,overall,2026-01-31T12:28:46+00:00,2026-02-24T00:55:32.358777+00:00,109,98.165,20721,99.213,2819,100.0,17902,99.089,2,50.0,73,100.0
https://www.github.com/FlorianBruniaux/claude-code-ultimate-guide,overall,2026-01-09T14:18:49+00:00,2026-02-23T23:39:37.075911+00:00,349,94.842,153754,98.737,17626,99.716,136128,98.61,1,100.0,489,99.591
https://www.github.com/g-cqd/SwiftStaticAnalysis,overall,2025-12-28T19:29:06+00:00,2026-02-24T00:43:43.233395+00:00,111,82.883,83063,97.043,23788,89.86,59275,99.926,1,100.0,269,97.77
https://www.github.com/gaoyangz77/easyclaw,overall,2026-02-07T06:10:41+00:00,2026-02-24T02:29:11.883464+00:00,340,76.176,115098,98.639,41484,98.983,73614,98.446,4,50.0,405,99.506
https://www.github.com/Gardene-el/Coze2JianYing,overall,2025-09-27T21:22:09+00:00,2026-02-23T23:51:09.624076+00:00,463,76.674,156196,84.437,76174,64.489,80022,103.425,5,40.0,723,78.562
https://www.github.com/GarrickZ2/grove,overall,2026-01-15T08:52:50+00:00,2026-02-24T00:12:13.170299+00:00,168,83.929,128353,66.724,28907,76.857,99446,63.778,2,50.0,337,90.208
https://www.github.com/gershuni/GenizahSearch,overall,2025-12-07T05:27:46+00:00,2026-02-24T01:45:20.117363+00:00,1660,87.771,3328606,28.753,1666111,64.236,1662495,-6.806,4,100.0,904,93.695
https://www.github.com/getbeton/inspector,overall,2025-12-23T21:13:58+00:00,2026-02-24T01:38:25.753549+00:00,216,81.019,102067,83.531,49858,96.606,52209,71.045,5,40.0,764,93.979
https://www.github.com/getsentry/abacus,overall,2026-01-06T22:09:56+00:00,2026-02-24T01:55:09.378055+00:00,188,95.213,70218,93.628,30020,98.997,40198,89.619,9,77.778,252,99.206
https://www.github.com/getsentry/warden,overall,2026-01-27T20:36:19+00:00,2026-02-24T00:21:51.939990+00:00,310,91.935,238015,96.616,407344,99.739,-169329,104.129,8,62.5,1223,99.591
https://www.github.com/GGPrompts/TabzChrome,overall,2025-11-18T21:31:27+00:00,2026-02-24T00:30:18.682073+00:00,978,77.914,321611,85.63,185798,83.747,135813,88.204,1,100.0,1485,92.727
https://www.github.com/ghostintheshell-192/sheet-atlas,overall,2025-09-20T17:41:56+00:00,2026-02-23T23:57:24.639525+00:00,357,94.958,85623,98.412,15531,95.055,70092,99.155,2,100.0,535,92.523
https://www.github.com/Gilmeyuhas/yt2radarr,overall,2025-10-26T20:22:35+00:00,2026-02-24T00:54:48.418361+00:00,94,79.787,22472,63.795,5039,98.333,17433,53.812,2,50.0,17,76.471
https://www.github.com/github/gh-aw-firewall,overall,2025-10-22T02:32:54+00:00,2026-02-24T02:30:51.129812+00:00,306,77.778,263230,98.842,169652,99.402,93578,97.826,8,87.5,685,98.978
https://www.github.com/GlyphLang/GlyphLang,overall,2025-12-19T03:35:20+00:00,2026-02-24T00:24:40.412191+00:00,218,81.651,196262,82.275,33234,88.268,163028,81.054,2,50.0,434,95.392
https://www.github.com/godver3/strmr,overall,2025-12-16T02:44:33+00:00,2026-02-24T01:12:24.964799+00:00,641,96.1,144847,99.723,43681,99.551,101166,99.797,3,66.667,382,99.476
https://www.github.com/greetclammy/dynamic-views,overall,2025-11-03T13:37:34+00:00,2026-02-24T00:33:50.874303+00:00,819,75.092,187728,66.195,133217,60.325,54511,80.542,2,50.0,193,92.746
https://www.github.com/greynewell/mcpbr,overall,2026-01-18T03:15:45+00:00,2026-02-24T02:51:25.952680+00:00,206,75.243,154160,89.84,24033,97.62,130127,88.403,6,66.667,454,96.916
https://www.github.com/hAcKlyc/MyAgents,overall,2026-01-25T17:41:03+00:00,2026-02-24T00:00:08.487407+00:00,521,98.848,180963,73.758,27455,99.599,153508,69.136,1,100.0,477,85.954
https://www.github.com/hanui-o/hanui,overall,2025-11-10T14:29:37+00:00,2026-02-24T01:52:29.024638+00:00,543,80.11,346787,77.141,184696,45.573,162091,113.111,5,80.0,1237,87.146
https://www.github.com/Harryoung/efka,overall,2025-11-04T17:21:25+00:00,2026-02-24T00:24:25.568683+00:00,144,84.028,47605,89.72,24838,99.167,22767,79.413,1,100.0,206,94.175
https://www.github.com/hipcityreg/situation-monitor,overall,2026-01-07T18:10:21+00:00,2026-02-24T00:44:57.849628+00:00,131,97.71,62123,98.279,40281,99.896,21842,95.298,2,100.0,155,100.0
https://www.github.com/hkjarral/Asterisk-AI-Voice-Agent,overall,2025-09-05T23:13:23+00:00,2026-02-24T02:39:48.840567+00:00,2796,99.928,386088,99.922,201893,99.997,184195,99.84,6,50.0,1104,99.909
https://www.github.com/hook-365/adsb-3d,overall,2025-10-28T02:38:49+00:00,2026-02-24T00:04:14.223965+00:00,127,81.89,55853,92.525,19909,88.015,35944,95.023,2,100.0,57,100.0
https://www.github.com/hoornet/home-mind,overall,2026-01-14T15:07:25+00:00,2026-02-24T00:33:57.056915+00:00,133,92.481,25639,79.36,15094,94.143,10545,58.198,3,66.667,153,95.425
https://www.github.com/hugr-lab/mssql-extension,overall,2026-01-15T09:41:36+00:00,2026-02-24T01:40:57.934238+00:00,153,98.693,148801,99.924,15619,99.405,133182,99.985,2,100.0,803,100.0
https://www.github.com/hummingbot/skills,overall,2026-01-30T01:49:50+00:00,2026-02-24T01:37:09.839070+00:00,98,87.755,31031,99.781,20782,98.739,10249,101.893,2,50.0,211,100.0
https://www.github.com/I3K-IT/RAG-Enterprise,overall,2025-11-14T12:58:12+00:00,2026-02-24T00:17:20.572722+00:00,107,97.196,9115,99.539,5166,94.735,3949,105.824,2,50.0,40,97.5
https://www.github.com/iainforrest/fat-controller,overall,2025-10-16T19:02:11+00:00,2026-02-23T23:45:31.220698+00:00,159,82.39,41447,92.771,14027,76.574,27420,101.058,5,100.0,123,99.187
https://www.github.com/ianlkl11234s/mini-taiwan-learning-project,overall,2025-12-28T18:27:55+00:00,2026-02-24T01:42:56.688418+00:00,336,99.702,10256355,100.0,7105813,100.0,3150542,100.0,1,100.0,1800,100.0
https://www.github.com/igerber/diff-diff,overall,2026-01-01T21:39:02+00:00,2026-02-24T00:07:54.567034+00:00,491,100.0,151131,100.0,37063,100.0,114068,100.0,2,100.0,256,100.0
https://www.github.com/igrbtn/EDB_Explorer,overall,2026-02-03T09:52:42+00:00,2026-02-24T02:48:44.685992+00:00,121,92.562,15839,99.514,10322,99.322,5517,99.873,2,50.0,78,100.0
https://www.github.com/iheanyi/grove,overall,2025-12-20T04:55:39+00:00,2026-02-24T00:48:42.407922+00:00,161,85.714,43859,95.242,7102,93.396,36757,95.598,1,100.0,251,99.602
https://www.github.com/iheanyi/tasuku,overall,2026-01-04T21:43:46+00:00,2026-02-24T02:42:06.694067+00:00,224,92.857,87416,96.7,36726,97.642,50690,96.017,4,75.0,875,96.914
https://www.github.com/ildu00/ReGraph,overall,2026-01-08T11:30:29+00:00,2026-02-24T00:30:41.459520+00:00,675,100.0,60701,100.0,10957,100.0,49744,100.0,1,100.0,224,100.0
https://www.github.com/in-the-loop-labs/pair-review,overall,2025-08-30T19:19:25+00:00,2026-02-23T23:54:14.132201+00:00,686,84.694,203487,92.886,50976,92.183,152511,93.12,3,100.0,473,87.738
https://www.github.com/incidentfox/incidentfox,overall,2026-01-21T08:07:20+00:00,2026-02-24T02:40:07.787443+00:00,647,76.043,221370,81.942,55256,88.206,166114,79.858,6,66.667,965,87.15
https://www.github.com/its-maestro-baby/maestro,overall,2026-01-06T22:13:53+00:00,2026-02-23T23:45:17.306869+00:00,192,95.312,999225,99.933,935642,99.982,63583,99.214,14,64.286,4128,99.927
https://www.github.com/itsderek23/finchvox,overall,2026-01-09T22:57:46+00:00,2026-02-23T23:52:34.676874+00:00,148,76.351,13091,60.973,4796,81.13,8295,49.319,1,100.0,74,85.135
https://www.github.com/izumin5210/gqlkit,overall,2025-12-27T08:10:15+00:00,2026-02-24T00:46:33.327194+00:00,157,82.803,218641,97.455,75461,99.226,143180,96.521,4,50.0,2421,97.067
https://www.github.com/jakeledwards/ClawControl,overall,2026-02-06T19:10:37+00:00,2026-02-24T02:41:14.669335+00:00,122,87.705,42708,91.856,17611,96.616,25097,88.517,8,62.5,94,96.809
https://www.github.com/JamesHWade/dsprrr,overall,2025-10-07T22:13:49+00:00,2026-02-24T00:17:28.721424+00:00,146,88.356,127513,87.336,26410,55.062,101103,95.767,3,100.0,448,94.643
https://www.github.com/jaredlockhart/penny,overall,2026-02-01T21:55:26+00:00,2026-02-24T01:39:35.470473+00:00,93,98.925,12853,96.701,5851,98.804,7002,94.944,2,50.0,87,100.0
https://www.github.com/jarrodwatts/claude-hud,overall,2026-01-02T02:28:13+00:00,2026-02-24T02:00:30.632432+00:00,165,79.394,25481,79.467,19457,93.098,6024,35.442,13,69.231,275,88.0
https://www.github.com/jasona/mudforge,overall,2026-01-02T23:42:48+00:00,2026-02-23T23:42:27.104156+00:00,518,81.081,305394,81.398,28186,62.574,277208,83.312,4,75.0,1144,85.752
https://www.github.com/jasondostal/cairn-mcp,overall,2026-02-07T16:25:03+00:00,2026-02-24T01:45:11.899836+00:00,189,100.0,95989,100.0,18033,100.0,77956,100.0,2,100.0,399,100.0
https://www.github.com/jayminwest/kotadb,overall,2025-10-05T14:54:47+00:00,2026-02-24T00:15:45.896319+00:00,431,91.415,414477,92.409,360820,96.708,53657,63.494,8,62.5,1421,93.737
https://www.github.com/jcfischer/supertag-cli,overall,2025-12-20T10:07:27+00:00,2026-02-24T02:46:12.092029+00:00,301,81.063,240761,96.334,13692,97.466,227069,96.265,2,100.0,664,96.837
https://www.github.com/jedarden/CLASP,overall,2025-12-05T19:57:51+00:00,2026-02-24T02:30:11.391947+00:00,281,90.747,46199,99.374,3454,98.031,42745,99.483,3,100.0,110,100.0
https://www.github.com/jgarzik/botmaker,overall,2026-01-30T20:34:40+00:00,2026-02-24T02:18:32.110308+00:00,125,80.8,46639,95.163,8651,41.221,37988,107.447,4,50.0,291,95.876
https://www.github.com/jgarzik/roodb,overall,2026-01-14T21:20:42+00:00,2026-02-24T01:58:11.395388+00:00,111,84.685,61191,96.759,9205,90.158,51986,97.928,1,100.0,207,100.0
https://www.github.com/jhbruhn/respira,overall,2025-12-05T20:08:52+00:00,2026-02-24T00:15:26.735037+00:00,212,83.019,65483,86.036,35272,72.979,30211,101.281,4,75.0,213,89.671
https://www.github.com/jhl-labs/sepilot_desktop,overall,2025-11-20T21:45:59+00:00,2026-02-24T01:48:09.267694+00:00,1025,88.976,443670,57.472,317062,38.187,126608,105.767,2,50.0,1391,66.211
https://www.github.com/jifengshandian/easyeda-ai-assistant,overall,2026-02-18T06:07:06+00:00,2026-02-24T01:28:04.359984+00:00,154,99.351,24760,98.546,7935,99.143,16825,98.264,1,100.0,71,100.0
https://www.github.com/jjn1056/pagi,overall,2025-11-30T22:54:25+00:00,2026-02-24T02:01:42.008455+00:00,737,81.682,228482,75.409,120622,40.365,107860,114.599,3,33.333,667,88.306
https://www.github.com/jlevy/markform,overall,2025-12-22T21:04:10+00:00,2026-02-24T02:28:40.850247+00:00,1161,79.759,277789,76.728,102944,74.68,174845,77.934,4,50.0,782,90.153
https://www.github.com/jlevy/tbd,overall,2026-01-08T06:45:06+00:00,2026-02-24T02:28:10.282792+00:00,944,92.373,229280,85.09,93060,94.809,136220,78.45,3,100.0,866,92.841
https://www.github.com/joa23/linear-cli,overall,2026-01-21T02:55:34+00:00,2026-02-24T02:43:20.089551+00:00,112,90.179,19987,95.647,19179,98.644,808,24.505,5,80.0,191,97.382
https://www.github.com/joe-re/eyes-on-claude-code,overall,2026-01-01T16:42:03+00:00,2026-02-24T00:30:44.646353+00:00,163,79.755,29545,90.888,7353,91.078,22192,90.826,3,66.667,192,88.542
https://www.github.com/John-Willikers/hyfixes,overall,2026-01-16T07:44:40+00:00,2026-02-24T00:55:03.961113+00:00,105,98.095,31680,99.716,2245,99.955,29435,99.698,2,50.0,147,99.32
https://www.github.com/jongwony/epistemic-protocols,overall,2025-12-26T01:13:12+00:00,2026-02-24T00:21:06.349770+00:00,178,100.0,14934,100.0,6591,100.0,8343,100.0,2,100.0,101,100.0
https://www.github.com/jonhoo/avdl,overall,2026-02-06T10:41:30+00:00,2026-02-24T02:49:07.442065+00:00,365,79.178,60057,89.16,29420,85.942,30637,92.251,3,66.667,575,95.652
https://www.github.com/jonocodes/stashcast,overall,2026-01-07T13:23:13+00:00,2026-02-24T01:01:51.589227+00:00,144,75.694,26721,76.071,11328,65.863,15393,83.583,2,100.0,134,76.119
https://www.github.com/joseairosa/recall,overall,2025-10-02T14:12:48+00:00,2026-02-24T01:39:58.787583+00:00,94,85.106,62435,82.439,12639,68.993,49796,85.852,3,33.333,203,67.488
https://www.github.com/joshtol/emotive-engine,overall,2025-09-03T07:28:51+00:00,2026-02-24T01:08:11.927252+00:00,1107,80.849,2227137,62.586,1934014,55.602,293123,108.663,3,100.0,2160,86.019
https://www.github.com/jpoley/flowspec,overall,2025-10-16T02:56:03+00:00,2026-02-24T00:46:55.380290+00:00,889,76.153,653000,84.964,172940,82.959,480060,85.686,9,88.889,3633,93.284
https://www.github.com/jtolio/tinyemu-go,overall,2026-01-15T22:22:46+00:00,2026-02-24T00:58:00.160939+00:00,292,80.822,115378,73.035,6763,47.553,108615,74.621,1,100.0,1138,37.258
https://www.github.com/juanandresgs/claude-system,overall,2025-09-02T17:51:10+00:00,2026-02-24T00:48:58.068539+00:00,271,98.893,84814,99.996,41290,99.993,43524,100.0,3,66.667,313,100.0
https://www.github.com/jurre/huebar,overall,2026-02-13T20:24:33+00:00,2026-02-24T02:45:40.191881+00:00,62,95.161,10174,96.471,2446,85.2,7728,100.039,3,100.0,87,97.701
https://www.github.com/Kaleaon/Linkpoint,overall,2025-09-09T12:09:59+00:00,2026-02-24T00:16:34.915713+00:00,1227,77.262,26167363,75.322,24184440,17.328,1982923,782.641,16,31.25,104490,76.883
https://www.github.com/kausality-io/kausality,overall,2026-01-06T15:42:59+00:00,2026-02-24T01:07:30.905509+00:00,234,95.299,51038,97.9,13903,96.447,37135,98.444,1,100.0,190,100.0
https://www.github.com/kazuph/reviw,overall,2025-11-26T11:03:42+00:00,2026-02-24T01:20:07.237992+00:00,152,88.158,29181,97.834,6314,98.004,22867,97.787,1,100.0,88,97.727
https://www.github.com/kbanc85/claudia,overall,2026-01-24T02:57:21+00:00,2026-02-23T23:58:08.444165+00:00,246,93.902,105978,99.936,43474,99.05,62504,100.552,3,100.0,314,100.0
https://www.github.com/KenKaiii/agent-girl,overall,2025-10-05T04:33:15+00:00,2026-02-24T02:46:32.101500+00:00,216,80.093,47645,91.16,14791,88.527,32854,92.345,2,50.0,158,96.835
https://www.github.com/KenKaiii/pocket-agent,overall,2026-01-25T08:09:09+00:00,2026-02-24T00:29:27.097416+00:00,246,89.024,82865,84.341,26623,98.069,56242,77.842,1,100.0,225,97.778
https://www.github.com/kexi/vibe,overall,2025-12-27T23:35:53+00:00,2026-02-24T01:53:33.118820+00:00,614,95.603,89392,98.96,35334,95.661,54058,101.115,4,75.0,531,100.0
https://www.github.com/Kha-kis/arr-dashboard,overall,2025-10-03T16:38:51+00:00,2026-02-24T02:50:03.020910+00:00,419,84.964,352049,84.832,149082,94.55,202967,77.694,7,71.429,907,96.803
https://www.github.com/kidandcat/ccc,overall,2025-12-30T22:33:51+00:00,2026-02-24T02:40:59.025175+00:00,111,91.892,12513,98.01,6937,99.063,5576,96.7,4,50.0,33,96.97
https://www.github.com/King-Chau/mozi,overall,2026-01-28T04:00:31+00:00,2026-02-24T01:16:36.967076+00:00,125,79.2,31923,76.111,7963,53.447,23960,83.644,2,50.0,122,88.525
https://www.github.com/komapper/kova,overall,2025-11-25T03:10:52+00:00,2026-02-24T00:44:54.300512+00:00,476,89.076,63251,84.577,51400,75.805,11851,122.623,5,40.0,195,97.436
https://www.github.com/konamgil/mandu,overall,2026-01-21T16:27:30+00:00,2026-02-24T02:44:20.439752+00:00,265,82.264,208609,84.82,12599,85.88,196010,84.752,4,75.0,1080,84.259
https://www.github.com/konoe-akitoshi/shumoku,overall,2026-01-08T14:52:50+00:00,2026-02-24T01:38:57.337639+00:00,395,95.19,141110,99.09,63118,99.281,77992,98.936,5,40.0,1992,98.042
https://www.github.com/krinkuto11/acestream-orchestrator,overall,2025-09-19T12:37:42+00:00,2026-02-24T00:16:53.921800+00:00,784,86.99,433231,79.339,366678,87.168,66553,36.209,4,50.0,1685,88.012
https://www.github.com/krinkuto11/streamflow,overall,2025-10-06T15:59:58+00:00,2026-02-24T01:27:55.389092+00:00,798,85.589,146594,66.448,90901,38.122,55693,112.682,5,20.0,385,83.117
https://www.github.com/kryptobaseddev/cleo,overall,2025-12-06T05:52:48+00:00,2026-02-24T01:01:27.121417+00:00,1037,77.435,2034780,74.767,739615,69.538,1295165,77.753,6,33.333,3724,75.456
https://www.github.com/Kulitorum/Decenza,overall,2025-12-22T17:43:16+00:00,2026-02-23T23:48:27.591658+00:00,866,97.46,230389,98.737,75715,98.703,154674,98.754,6,83.333,1429,98.67
https://www.github.com/kylehowells/swift-justhtml,overall,2025-12-16T12:03:57+00:00,2026-02-24T02:07:06.035731+00:00,202,91.089,109882,96.991,83708,95.554,26174,101.589,1,100.0,111,100.0
https://www.github.com/kylieainslie/warehouse,overall,2025-12-17T20:41:17+00:00,2026-02-24T02:26:25.306931+00:00,95,82.105,2137204,99.747,149272,99.68,1987932,99.752,2,50.0,162,96.914
https://www.github.com/KyuubiDDragon/KyuubiSoft-Hytale-Panel,overall,2026-01-14T12:27:00+00:00,2026-02-24T02:21:51.874514+00:00,71,98.592,23370,92.323,1372,99.125,21998,91.899,3,66.667,93,96.774
https://www.github.com/l33tdawg/cfp-directory-self-hosted,overall,2026-01-28T09:43:14+00:00,2026-02-24T00:24:38.653279+00:00,60,93.333,17156,82.892,8939,99.318,8217,65.024,1,100.0,113,92.92
https://www.github.com/LanternOps/breeze,overall,2026-01-24T18:11:48+00:00,2026-02-24T02:21:39.619329+00:00,159,86.164,454037,92.429,134912,90.297,319125,93.33,4,75.0,1779,96.009
https://www.github.com/lexfrei/cloudflare-tunnel-gateway-controller,overall,2025-11-23T11:38:08+00:00,2026-02-24T02:24:54.664285+00:00,111,98.198,2990998,100.0,140665,99.997,2850333,100.0,4,75.0,10404,97.76
https://www.github.com/Lexonight1/thermalright-trcc-linux,overall,2026-02-05T06:01:38+00:00,2026-02-24T00:53:28.354785+00:00,444,85.135,99106,83.521,51087,93.415,48019,72.994,3,33.333,259,94.208
https://www.github.com/lifeafter619/Aboard,overall,2025-10-31T15:06:11+00:00,2026-02-24T02:30:46.227910+00:00,515,92.621,143054,70.717,98208,18.16,44846,185.811,5,60.0,125,96.8
https://www.github.com/lightonai/next-plaid,overall,2026-01-06T18:00:56+00:00,2026-02-24T01:22:55.621684+00:00,436,77.294,166132,75.483,85014,56.566,81118,95.309,6,66.667,369,90.515
https://www.github.com/LiorCohen/sdd,overall,2026-01-08T12:48:48+00:00,2026-02-24T02:15:59.805970+00:00,877,94.755,188832,99.193,76700,99.679,112132,98.86,2,100.0,2159,98.61
https://www.github.com/lisancao/lakehouse-at-home,overall,2026-01-06T05:52:30+00:00,2026-02-24T01:38:06.053606+00:00,88,95.455,40971,99.98,15411,99.286,25560,100.399,3,66.667,170,100.0
https://www.github.com/liweinan/bootimage-example,overall,2026-01-28T07:41:57+00:00,2026-02-24T01:32:31.078277+00:00,217,87.097,97581,83.355,21538,74.046,76043,85.992,1,100.0,125,86.4
https://www.github.com/liyecom/liye-ai,overall,2025-12-22T10:45:16+00:00,2026-02-24T00:12:00.089712+00:00,181,82.32,324915,73.376,90992,95.259,233923,64.864,4,100.0,1921,90.474
https://www.github.com/llehouerou/waves,overall,2025-11-28T08:01:14+00:00,2026-02-23T23:51:12.874002+00:00,480,94.167,104449,96.322,24105,92.769,80344,97.387,1,100.0,418,99.282
https://www.github.com/LosCV29/ha-video-vision,overall,2025-12-30T16:13:53+00:00,2026-02-24T02:03:08.612252+00:00,209,99.522,13399,99.806,5014,98.245,8385,100.739,2,50.0,20,100.0
https://www.github.com/LosCV29/polyvoice,overall,2025-12-30T12:06:16+00:00,2026-02-24T01:38:08.236676+00:00,309,100.0,27141,100.0,21529,100.0,5612,100.0,2,100.0,76,100.0
https://www.github.com/MadAppGang/dingo,overall,2025-11-16T04:52:56+00:00,2026-02-24T01:37:45.270897+00:00,365,75.342,975343,72.858,191596,89.033,783747,68.905,1,100.0,3119,89.388
https://www.github.com/mantisfury/ArkhamMirror,overall,2025-12-25T12:52:13+00:00,2026-02-24T01:50:23.211622+00:00,115,98.261,299939,99.897,70274,99.977,229665,99.873,1,100.0,798,100.0
https://www.github.com/MarekWo/mc-webui,overall,2025-12-21T12:30:19+00:00,2026-02-24T02:25:38.066602+00:00,293,80.205,39616,95.055,11372,85.904,28244,98.74,1,100.0,88,93.182
https://www.github.com/MartyBonacci/specswarm,overall,2025-10-14T01:10:57+00:00,2026-02-24T01:56:56.127592+00:00,136,82.353,130276,78.675,54369,65.719,75907,87.955,1,100.0,548,72.08
https://www.github.com/martymcenroe/AssemblyZero,overall,2026-01-11T01:18:50+00:00,2026-02-24T00:31:09.944989+00:00,575,79.13,1370643,90.134,130296,83.714,1240347,90.809,3,66.667,5970,80.385
https://www.github.com/masharratt/claude-flow-novice,overall,2025-09-24T21:53:28+00:00,2026-02-24T02:34:16.152530+00:00,1173,80.051,8994288,73.011,8168332,98.287,825956,-176.96,6,66.667,34302,96.283
https://www.github.com/mazzzystar/ccclub,overall,2026-02-13T05:56:15+00:00,2026-02-24T00:08:50.393927+00:00,120,100.0,5456,100.0,2714,100.0,2742,100.0,2,100.0,42,100.0
https://www.github.com/mbron64/simplestclaw,overall,2026-02-08T04:26:50+00:00,2026-02-24T01:50:12.330245+00:00,165,100.0,39830,100.0,5591,100.0,34239,100.0,2,100.0,120,100.0
https://www.github.com/mcollina/githuman,overall,2025-12-30T20:35:58+00:00,2026-02-24T01:37:53.475234+00:00,138,87.681,59014,92.246,18471,71.545,40543,101.677,3,33.333,225,78.667
https://www.github.com/mehdic/bazinga,overall,2025-11-07T09:35:32+00:00,2026-02-24T01:04:13.600517+00:00,373,99.732,212604,100.0,44340,100.0,168264,99.999,3,100.0,566,100.0
https://www.github.com/melodic-software/claude-code-plugins,overall,2025-11-30T14:49:59+00:00,2026-02-24T02:23:39.272404+00:00,350,92.857,5141971,99.952,1569318,99.702,3572653,100.061,2,50.0,10736,99.981
https://www.github.com/MeltingBot/zeroneurone,overall,2026-01-18T15:02:22+00:00,2026-02-24T00:58:07.125547+00:00,261,94.636,103806,98.208,15100,99.748,88706,97.946,2,50.0,314,99.045
https://www.github.com/microsoft/amplifier-app-cli,overall,2025-10-08T21:28:20+00:00,2026-02-24T00:27:22.397667+00:00,613,83.361,84598,88.813,54493,88.582,30105,89.231,10,70.0,336,92.262
https://www.github.com/microsoft/amplifier-core,overall,2025-10-08T21:28:19+00:00,2026-02-24T02:06:23.916977+00:00,130,77.692,25456,92.736,10217,86.395,15239,96.988,5,80.0,99,93.939
https://www.github.com/mikekelly/gap,overall,2026-01-10T01:32:51+00:00,2026-02-24T02:33:32.841221+00:00,381,93.701,70603,99.249,25627,99.095,44976,99.337,1,100.0,332,100.0
https://www.github.com/mizzy/carina,overall,2026-01-24T04:46:13+00:00,2026-02-24T00:30:50.571682+00:00,258,100.0,76299,100.0,25636,100.0,50663,100.0,1,100.0,292,100.0
https://www.github.com/mkdelta221/claude-cortex,overall,2026-01-22T20:05:24+00:00,2026-02-24T02:46:30.163471+00:00,126,87.302,33749,94.053,5306,67.829,28443,98.945,6,50.0,135,98.519
https://www.github.com/modelguide/modelguide,overall,2026-02-04T14:02:59+00:00,2026-02-24T02:01:06.625955+00:00,185,88.649,88751,96.776,19317,98.84,69434,96.202,6,83.333,403,99.007
https://www.github.com/moezakura/mux-pod,overall,2026-01-10T10:33:43+00:00,2026-02-24T01:52:08.314152+00:00,160,79.375,111717,96.582,67149,98.829,44568,93.195,2,50.0,730,97.397
https://www.github.com/MontrealAI/AGI-Alpha-Node-v0,overall,2025-11-09T16:28:11+00:00,2026-02-24T00:18:27.320535+00:00,609,99.507,120140,99.377,28190,100.0,91950,99.187,1,100.0,353,100.0
https://www.github.com/MorrenusGames/Solus-Manifest-App,overall,2025-10-06T03:01:45+00:00,2026-02-24T00:23:57.448916+00:00,126,76.19,171959,98.862,156279,98.658,15680,100.893,3,66.667,150,94.667
https://www.github.com/mossipcams/autosnooze,overall,2025-12-16T00:57:51+00:00,2026-02-24T00:04:46.047671+00:00,258,83.721,92429,67.938,47578,53.571,44851,83.178,5,60.0,207,67.633
https://www.github.com/MotWakorb/enhancedchannelmanager,overall,2025-12-29T05:04:11+00:00,2026-02-23T23:39:44.509708+00:00,1286,88.647,351938,97.814,73122,92.652,278816,99.167,6,50.0,580,99.655
https://www.github.com/movito/agentive-starter-kit,overall,2025-11-25T18:53:42+00:00,2026-02-23T23:41:51.792096+00:00,184,97.283,42642,99.172,9301,98.581,33341,99.337,2,50.0,311,100.0
https://www.github.com/mrdoob/three-quake,overall,2026-01-28T16:29:54+00:00,2026-02-24T02:43:59.897419+00:00,259,89.189,25099,91.215,7015,82.922,18084,94.432,2,100.0,90,96.667
https://www.github.com/mrdushidush/agent-battle-command-center,overall,2026-01-28T07:11:23+00:00,2026-02-24T02:14:24.766548+00:00,159,82.39,168579,97.934,222102,99.301,-53523,103.606,8,12.5,488,96.516
https://www.github.com/mrocklin/claudechic,overall,2026-01-11T16:15:32+00:00,2026-02-24T00:27:33.582643+00:00,564,88.83,40533,93.711,13054,84.886,27479,97.904,10,80.0,227,98.238
https://www.github.com/multica-ai/multica,overall,2026-01-13T17:27:09+00:00,2026-02-24T01:49:02.948916+00:00,195,87.179,80510,94.501,19816,91.825,60694,95.375,9,77.778,206,93.204
https://www.github.com/mvanhorn/last30days-skill,overall,2026-01-23T21:26:01+00:00,2026-02-24T00:18:11.847744+00:00,137,93.431,19849,87.914,2253,90.413,17596,87.594,2,100.0,203,97.044
https://www.github.com/Natfii/ZeroClaw-Android,overall,2026-02-18T01:27:40+00:00,2026-02-24T02:01:29.509973+00:00,141,90.78,41425,91.242,9744,96.131,31681,89.738,2,50.0,284,94.718
https://www.github.com/nclamvn/inboxai-public,overall,2025-12-11T06:54:52+00:00,2026-02-24T01:51:55.450693+00:00,147,97.279,79178,98.884,9249,99.697,69929,98.776,1,100.0,388,98.711
https://www.github.com/nerdsane/redis-rust,overall,2026-01-03T20:02:41+00:00,2026-02-23T23:49:37.311735+00:00,173,95.376,116451,98.964,31054,99.752,85397,98.677,5,60.0,434,100.0
https://www.github.com/NLstn/go-odata,overall,2025-10-08T17:54:16+00:00,2026-02-23T23:42:59.623234+00:00,1007,78.054,253168,68.73,76732,42.654,176436,80.071,9,77.778,934,73.448
https://www.github.com/noiwid/HAFamilyLink,overall,2025-11-07T16:39:47+00:00,2026-02-24T01:55:16.571103+00:00,196,89.796,18916,95.549,6798,62.827,12118,113.905,3,66.667,100,99.0
https://www.github.com/NTCoding/living-architecture,overall,2025-12-31T10:01:56+00:00,2026-02-24T00:32:40.682704+00:00,61,91.803,6734,84.734,3975,80.453,2759,90.903,4,75.0,203,74.877
https://www.github.com/Nub/bevy_modal_editor,overall,2026-02-01T03:11:36+00:00,2026-02-24T02:48:35.087607+00:00,229,96.07,120486,97.166,25209,97.164,95277,97.167,2,50.0,550,95.636
https://www.github.com/nvandessel/floop,overall,2026-01-26T00:18:06+00:00,2026-02-24T02:30:53.201405+00:00,293,92.491,95202,99.359,22551,98.883,72651,99.507,3,66.667,391,97.187
https://www.github.com/nwiizo/workspace_2026,overall,2025-12-28T07:34:55+00:00,2026-02-24T01:33:53.377433+00:00,244,98.361,207122,96.205,29867,99.993,177255,95.567,1,100.0,840,95.714
https://www.github.com/oboroge0/AITuberFlow,overall,2026-01-18T21:00:55+00:00,2026-02-24T02:38:23.338370+00:00,134,92.537,87114,85.859,33538,83.711,53576,87.203,3,33.333,342,96.784
https://www.github.com/obot-platform/discobot,overall,2026-01-10T04:39:00+00:00,2026-02-24T00:08:16.237620+00:00,752,98.138,395374,98.283,115138,99.837,280236,97.644,16,100.0,1117,99.552
https://www.github.com/ochyai/open-japan-politech-platform,overall,2026-02-12T06:59:40+00:00,2026-02-24T01:31:17.932552+00:00,149,83.221,240004,53.018,32868,94.773,207136,46.393,13,53.846,532,97.932
https://www.github.com/ocrbase-hq/ocrbase,overall,2026-01-15T19:46:27+00:00,2026-02-24T00:28:58.028673+00:00,108,82.407,42254,41.317,14995,42.588,27259,40.618,5,80.0,340,41.176
https://www.github.com/oetiker/byonk,overall,2025-12-27T09:42:32+00:00,2026-02-24T00:31:03.412432+00:00,147,93.197,55383,93.265,25398,98.327,29985,88.978,3,66.667,262,95.802
https://www.github.com/OID-See/OID-See,overall,2025-12-21T13:14:59+00:00,2026-02-24T01:32:44.774499+00:00,370,97.297,2178104,27.984,3454933,54.881,-1276829,100.763,4,25.0,4817,94.54
https://www.github.com/oisee/vibing-steampunk,overall,2025-12-01T20:08:05+00:00,2026-02-23T23:40:49.973531+00:00,190,88.421,133567,80.247,21700,80.673,111867,80.164,5,80.0,324,89.506
https://www.github.com/okikusan-public/stock_skills,overall,2026-02-11T09:28:42+00:00,2026-02-24T00:16:37.799978+00:00,142,100.0,65351,100.0,15270,100.0,50081,100.0,1,100.0,206,100.0
https://www.github.com/oliverames/ping-warden,overall,2025-10-26T16:39:59+00:00,2026-02-24T02:03:36.708400+00:00,99,88.889,25067,83.193,16497,93.744,8570,62.882,3,100.0,178,96.067
https://www.github.com/OliverZhaohaibin/iPhotos-LocalPhotoAlbumManager,overall,2025-10-03T13:24:42+00:00,2026-02-24T00:58:56.914253+00:00,2045,89.242,204191,76.444,100153,69.421,104038,83.205,6,66.667,2013,30.999
https://www.github.com/OliverZhaohaibin/iPhotron-LocalPhotoAlbumManager,overall,2025-10-03T13:24:42+00:00,2026-02-24T01:11:10.587688+00:00,2045,89.242,204191,76.444,100153,69.421,104038,83.205,6,66.667,2013,30.999
https://www.github.com/op7418/CodePilot,overall,2026-02-06T13:04:05+00:00,2026-02-24T02:29:42.492229+00:00,122,90.164,47994,93.399,6881,95.568,41113,93.036,7,42.857,171,94.737
https://www.github.com/openakita/openakita,overall,2026-01-31T07:47:17+00:00,2026-02-24T00:20:48.588334+00:00,507,99.803,495893,100.0,257964,99.993,237929,100.007,3,100.0,1582,100.0
https://www.github.com/openclaw-rocks/k8s-operator,overall,2026-02-06T08:59:35+00:00,2026-02-23T23:54:35.825609+00:00,139,79.856,54375,98.845,4964,98.368,49411,98.893,4,75.0,110,98.182
https://www.github.com/OpenHands/OpenHands-CLI,overall,2025-09-02T21:30:09+00:00,2026-02-24T01:27:27.960685+00:00,207,86.957,86816,98.219,23837,85.002,62979,103.222,26,61.538,501,99.002
https://www.github.com/openmozi/openmozi,overall,2026-01-28T04:00:31+00:00,2026-02-24T01:29:53.757625+00:00,125,79.2,31923,76.111,7963,53.447,23960,83.644,2,50.0,122,88.525
https://www.github.com/opensecurityarchitecture/osa-data,overall,2026-01-23T21:28:19+00:00,2026-02-24T01:50:29.435851+00:00,150,99.333,547720,100.0,351884,99.716,195836,100.51,6,83.333,576,100.0
https://www.github.com/openxjarvis/openclaw-python,overall,2026-02-06T15:40:40+00:00,2026-02-24T00:42:13.617953+00:00,66,77.273,502744,19.365,57858,45.645,444886,15.947,9,44.444,4469,11.904
https://www.github.com/Osiris-DevWorks/sc-profile-editor,overall,2025-10-24T12:19:35+00:00,2026-02-24T00:14:46.385640+00:00,249,79.518,85843,87.549,49032,60.599,36811,123.447,2,100.0,253,81.818
https://www.github.com/Osiris-RK/sc-profile-editor,overall,2025-10-24T12:19:35+00:00,2026-02-24T02:03:36.824476+00:00,249,79.518,85843,87.549,49032,60.599,36811,123.447,2,100.0,253,81.818
https://www.github.com/outfitter-dev/agents,overall,2025-10-20T17:45:11+00:00,2026-02-23T23:48:36.408939+00:00,99,90.909,145941,94.444,56510,95.052,89431,94.059,2,50.0,1332,96.471
https://www.github.com/Ovid/shesha,overall,2026-02-01T11:58:57+00:00,2026-02-24T01:22:05.937350+00:00,893,87.794,198260,60.843,14378,90.652,183882,58.513,2,100.0,477,93.501
https://www.github.com/ownpilot/OwnPilot,overall,2026-01-28T11:06:18+00:00,2026-02-24T00:17:33.192612+00:00,528,75.0,518012,68.754,168703,68.826,349309,68.719,3,100.0,1253,86.911
https://www.github.com/pacphi/sindri,overall,2025-11-22T00:46:46+00:00,2026-02-24T01:35:38.915373+00:00,256,87.109,504849,96.971,61125,84.51,443724,98.687,3,33.333,2873,98.503
https://www.github.com/paiml/aprender,overall,2025-11-18T10:03:09+00:00,2026-02-24T00:46:16.649163+00:00,1901,95.213,1761644,98.201,684864,97.913,1076780,98.384,3,66.667,3460,99.624
https://www.github.com/paiml/batuta,overall,2025-11-19T11:50:29+00:00,2026-02-24T00:56:53.629249+00:00,521,98.656,379127,99.973,100090,99.966,279037,99.975,2,100.0,736,99.728
https://www.github.com/paiml/entrenar,overall,2025-11-20T13:49:52+00:00,2026-02-24T00:24:10.032250+00:00,530,89.245,447877,97.723,170267,99.888,277610,96.395,2,50.0,1679,99.702
https://www.github.com/paiml/presentar,overall,2025-11-29T17:58:02+00:00,2026-02-24T02:05:42.557570+00:00,179,89.385,4487731,99.683,4166609,99.915,321122,96.669,1,100.0,616,99.513
https://www.github.com/paiml/probar,overall,2025-12-11T16:35:11+00:00,2026-02-24T00:35:02.759840+00:00,105,93.333,354213,99.683,35650,99.694,318563,99.682,1,100.0,455,99.78
https://www.github.com/paiml/realizar,overall,2025-11-18T13:45:36+00:00,2026-02-23T23:40:10.928857+00:00,1203,98.088,1665995,99.806,896076,99.959,769919,99.628,2,100.0,3957,100.0
https://www.github.com/paiml/trueno,overall,2025-11-15T17:14:18+00:00,2026-02-24T00:35:45.328017+00:00,976,96.619,812635,98.958,401096,99.774,411539,98.163,2,100.0,2073,99.325
https://www.github.com/paiml/trueno-db,overall,2025-11-19T14:27:17+00:00,2026-02-24T02:04:56.467040+00:00,139,86.331,39784,94.385,2828,86.103,36956,95.018,1,100.0,201,98.01
https://www.github.com/paiml/whisper.apr,overall,2025-12-13T10:09:24+00:00,2026-02-24T02:27:33.113339+00:00,428,97.897,873009,99.879,174327,99.952,698682,99.861,2,100.0,1390,100.0
https://www.github.com/panayiotism/claude-harness,overall,2025-12-09T17:23:50+00:00,2026-02-24T02:35:29.555874+00:00,114,90.351,25283,95.175,18134,95.026,7149,95.552,2,100.0,149,96.644
https://www.github.com/Pantheon-Security/medusa,overall,2025-11-15T16:39:25+00:00,2026-02-24T01:46:58.107893+00:00,256,84.375,150756,98.794,74965,57.819,75791,139.323,3,66.667,484,99.793
https://www.github.com/patrickulrich/nostr.blue,overall,2025-10-29T23:57:34+00:00,2026-02-24T01:37:55.725618+00:00,688,98.547,421256,99.475,228729,99.806,192527,99.081,5,100.0,925,99.892
https://www.github.com/PaulDuvall/centralized-rules,overall,2025-12-13T19:06:10+00:00,2026-02-24T01:35:20.846408+00:00,245,82.857,101970,96.653,48115,78.811,53855,112.593,2,100.0,342,99.708
https://www.github.com/PaulKinlan/Co-do,overall,2026-01-17T00:08:54+00:00,2026-02-24T01:43:46.556984+00:00,179,95.531,55026,97.147,8482,99.163,46544,96.779,8,75.0,149,93.289
https://www.github.com/pbakaus/impeccable,overall,2025-11-16T22:54:35+00:00,2026-02-24T01:35:00.867617+00:00,98,86.735,87476,57.349,59455,88.507,28021,-8.761,1,100.0,476,71.008
https://www.github.com/PCIRCLE-AI/claude-code-buddy,overall,2026-02-02T13:26:54+00:00,2026-02-23T23:59:39.280006+00:00,359,89.972,228934,97.993,148084,96.965,80850,99.878,3,33.333,2046,99.707
https://www.github.com/PeramatoG/Perastage,overall,2025-12-07T18:25:38+00:00,2026-02-23T23:46:32.690728+00:00,1355,95.941,97821,98.3,41256,97.86,56565,98.621,3,66.667,475,95.789
https://www.github.com/peteromallet/desloppify,overall,2026-02-11T17:56:33+00:00,2026-02-24T00:44:40.821695+00:00,147,79.592,214755,42.147,102148,31.658,112607,51.661,2,50.0,1361,62.454
https://www.github.com/pgplex/pgtui,overall,2025-11-07T07:19:53+00:00,2026-02-24T02:48:07.217485+00:00,278,81.295,61161,80.589,35896,99.563,25265,53.632,3,33.333,143,97.203
https://www.github.com/philoserf/claude-code-setup,overall,2025-12-31T14:47:32+00:00,2026-02-24T02:43:11.299930+00:00,287,79.443,82440,72.329,97152,89.788,-14712,187.622,4,75.0,949,95.574
https://www.github.com/pinin4fjords/nf-metro,overall,2026-02-14T23:19:10+00:00,2026-02-24T02:49:46.149886+00:00,192,100.0,27934,100.0,7848,100.0,20086,100.0,1,100.0,121,100.0
https://www.github.com/popup-studio-ai/bkit-claude-code,overall,2026-01-09T06:49:51+00:00,2026-02-24T00:16:53.686882+00:00,143,97.902,274652,99.999,220983,99.995,53669,100.015,4,75.0,929,100.0
https://www.github.com/postalsys/Muti-Metroo,overall,2025-12-28T15:02:07+00:00,2026-02-24T00:53:01.552522+00:00,423,94.799,175064,99.215,40618,98.924,134446,99.302,2,50.0,516,99.806
https://www.github.com/PostHog/duckgres,overall,2025-12-03T22:40:04+00:00,2026-02-24T01:20:35.702729+00:00,261,78.161,68687,84.132,13211,80.864,55476,84.911,7,71.429,149,93.96
https://www.github.com/postrv/narsil-mcp,overall,2025-12-24T01:13:20+00:00,2026-02-23T23:45:04.243154+00:00,98,78.571,64424,98.175,11067,97.054,53357,98.407,3,66.667,231,98.701
https://www.github.com/prajwal-y/video_explainer,overall,2025-12-28T06:00:23+00:00,2026-02-24T00:08:45.567205+00:00,148,87.162,156786,96.905,62146,93.795,94640,98.948,2,50.0,368,99.728
https://www.github.com/prehisle/relay-pulse,overall,2025-11-20T10:49:26+00:00,2026-02-23T23:57:41.993347+00:00,405,92.593,70787,95.662,13010,96.272,57777,95.524,1,100.0,302,96.026
https://www.github.com/preset-io/agor,overall,2025-10-04T07:39:39+00:00,2026-02-24T01:43:27.866751+00:00,1225,88.898,460447,96.063,159635,92.634,300812,97.882,18,66.667,1379,96.302
https://www.github.com/probelabs/visor,overall,2025-09-04T19:01:39+00:00,2026-02-24T01:22:19.806661+00:00,370,78.919,2721815,94.961,1821019,75.029,900796,135.256,8,87.5,2158,44.949
https://www.github.com/proffesor-for-testing/agentic-qe,overall,2025-09-30T19:59:56+00:00,2026-02-24T00:38:50.199170+00:00,758,82.19,3636672,92.38,906012,91.375,2730660,92.714,10,50.0,12044,96.33
https://www.github.com/Prompt-And-Circumstance/StoryMode,overall,2026-01-09T09:06:49+00:00,2026-02-24T01:48:55.362836+00:00,117,83.761,183033,50.782,115651,96.545,67382,-27.763,2,50.0,389,83.548
https://www.github.com/pronghorn-red/pronghorn,overall,2025-11-17T20:24:01+00:00,2026-02-24T02:42:55.852832+00:00,1789,100.0,259306,100.0,76924,100.0,182382,100.0,1,100.0,642,100.0
https://www.github.com/qhkm/zeptoclaw,overall,2026-02-12T10:39:26+00:00,2026-02-23T23:39:38.398326+00:00,310,88.71,151183,91.388,21805,89.635,129378,91.683,8,50.0,368,97.554
https://www.github.com/qwibitai/nanoclaw,overall,2026-01-31T16:54:24+00:00,2026-02-23T23:59:31.278025+00:00,144,86.111,29689,87.719,8432,98.067,21257,83.615,26,65.385,155,86.452
https://www.github.com/rand/rlm-claude-code,overall,2026-01-11T14:24:29+00:00,2026-02-23T23:56:24.889026+00:00,183,92.35,121265,96.691,3996,94.645,117269,96.76,2,100.0,310,94.839
https://www.github.com/RBKunnela/ALMA-memory,overall,2026-01-23T17:20:51+00:00,2026-02-24T02:33:19.048829+00:00,103,91.262,533750,99.168,406037,99.997,127713,96.533,4,100.0,1078,99.536
https://www.github.com/rcarmo/webterm,overall,2026-01-22T00:34:11+00:00,2026-02-24T02:39:19.634372+00:00,380,98.947,41778,99.988,37024,99.986,4754,100.0,2,50.0,208,100.0
https://www.github.com/re-cinq/claudit,overall,2026-02-02T17:37:09+00:00,2026-02-24T01:49:13.745228+00:00,173,91.329,43588,95.074,10552,96.967,33036,94.47,2,50.0,290,93.793
https://www.github.com/rjwalters/kicad-tools,overall,2025-12-29T21:36:09+00:00,2026-02-24T02:27:40.319223+00:00,554,94.585,610400,79.928,267158,66.661,343242,90.254,3,100.0,1037,96.432
https://www.github.com/rjwalters/vibesql,overall,2025-10-25T22:08:39+00:00,2026-02-24T00:34:57.260952+00:00,2814,95.451,1077682,96.305,462016,95.362,615666,97.013,3,100.0,3028,95.343
https://www.github.com/rocklambros/zerg,overall,2026-01-25T21:57:58+00:00,2026-02-24T02:51:40.248961+00:00,476,79.412,446671,92.869,162601,99.07,284070,89.32,7,85.714,1494,94.043
https://www.github.com/roomkit-live/roomkit,overall,2026-02-05T23:50:36+00:00,2026-02-24T01:39:41.991231+00:00,246,90.244,127104,99.965,11793,99.61,115311,100.001,2,100.0,516,100.0
https://www.github.com/RSAC-Labs/Quantickle,overall,2026-02-01T20:24:44+00:00,2026-02-24T00:52:29.480793+00:00,135,95.556,29479,99.59,22805,99.579,6674,99.625,1,100.0,33,100.0
https://www.github.com/rtk-ai/rtk,overall,2026-01-28T13:48:09+00:00,2026-02-24T02:48:26.379146+00:00,130,80.769,42148,94.783,6089,85.728,36059,96.312,18,55.556,111,98.198
https://www.github.com/rustledger/rustledger,overall,2026-01-05T04:16:33+00:00,2026-02-23T23:44:37.405462+00:00,740,82.162,522209,98.359,391620,99.321,130589,95.475,9,44.444,2076,99.326
https://www.github.com/ruvnet/ruvector,overall,2025-11-19T13:39:33+00:00,2026-02-24T01:44:32.290049+00:00,1530,85.752,6609697,91.535,664071,88.293,5945626,91.897,5,80.0,11348,90.122
https://www.github.com/ryaker/zora,overall,2026-02-12T00:20:40+00:00,2026-02-23T23:45:30.571262+00:00,173,79.769,82324,79.47,19048,94.876,63276,74.832,5,100.0,325,93.538
https://www.github.com/rysweet/amplihack,overall,2025-09-15T20:49:20+00:00,2026-02-24T01:07:35.512469+00:00,571,79.685,1363235,96.121,119210,70.214,1244025,98.603,23,86.957,5496,97.016
https://www.github.com/samsoir/xearthlayer,overall,2025-11-19T08:01:54+00:00,2026-02-24T01:51:45.376852+00:00,302,96.358,207780,98.831,62057,98.624,145723,98.919,2,100.0,521,99.424
https://www.github.com/sane-apps/SaneClip,overall,2026-01-18T00:37:08+00:00,2026-02-24T02:31:30.248989+00:00,147,82.313,45586,91.611,20928,36.587,24658,138.312,2,50.0,209,98.086
https://www.github.com/sassman/gh-pr-lander-rs,overall,2025-10-20T21:39:23+00:00,2026-02-24T02:07:12.866415+00:00,148,78.378,40188,89.848,14770,86.872,25418,91.577,3,33.333,173,58.96
https://www.github.com/satelliteoflove/godot-mcp,overall,2025-12-21T01:13:43+00:00,2026-02-23T23:45:26.439888+00:00,96,92.708,25145,99.634,13724,99.505,11421,99.79,7,42.857,191,100.0
https://www.github.com/sawarae/utsutsu-code,overall,2026-02-09T07:39:31+00:00,2026-02-24T01:23:29.651799+00:00,165,91.515,24251,97.456,3738,91.814,20513,98.484,4,100.0,151,99.338
https://www.github.com/scyto/ha-bluetooth-audio-manager,overall,2026-02-10T00:33:27+00:00,2026-02-24T00:36:52.067968+00:00,252,90.873,15961,98.872,4149,99.181,11812,98.764,4,50.0,91,98.901
https://www.github.com/searlsco/prove_it,overall,2026-02-01T21:38:57+00:00,2026-02-24T00:28:39.524673+00:00,263,77.186,54956,95.116,31256,92.05,23700,99.16,1,100.0,191,93.717
https://www.github.com/sebkrier/alexandria,overall,2026-01-12T04:30:05+00:00,2026-02-24T01:20:02.987122+00:00,121,95.868,50217,98.895,24303,99.144,25914,98.661,2,100.0,237,100.0
https://www.github.com/secondsky/claude-skills,overall,2025-10-21T10:38:43+00:00,2026-02-24T01:33:10.616221+00:00,522,80.46,2081184,91.476,1402115,91.297,679069,91.846,5,80.0,12541,98.636
https://www.github.com/secondsky/sap-skills,overall,2025-11-21T22:03:00+00:00,2026-02-24T00:19:02.660730+00:00,247,82.996,670455,37.542,433976,3.718,236479,99.614,6,66.667,2031,37.912
https://www.github.com/secup/ProjectUltra,overall,2026-01-13T05:01:14+00:00,2026-02-24T02:43:54.163832+00:00,399,81.955,125583,92.736,56293,93.676,69290,91.973,1,100.0,287,89.895
https://www.github.com/Shadylukin/Neumann,overall,2025-12-23T21:58:45+00:00,2026-02-23T23:47:12.229441+00:00,449,75.056,2612771,95.711,2044743,9.988,568028,404.288,3,66.667,13893,92.586
https://www.github.com/shanraisshan/novel-llm-26,overall,2026-01-31T13:16:39+00:00,2026-02-24T00:02:26.630789+00:00,140,86.429,53920,97.533,2126,75.917,51794,98.421,1,100.0,867,99.308
https://www.github.com/shinaoka/tensor4all-rs,overall,2026-01-02T12:28:51+00:00,2026-02-24T00:35:26.784880+00:00,244,79.098,176869,90.855,86535,94.336,90334,87.521,6,83.333,759,93.939
https://www.github.com/shinpr/mcp-local-rag,overall,2025-10-31T16:32:05+00:00,2026-02-23T23:55:42.708100+00:00,113,99.115,24726,99.98,10951,99.954,13775,100.0,2,100.0,57,100.0
https://www.github.com/sidmohan0/tesserack,overall,2026-01-23T01:33:48+00:00,2026-02-24T01:47:27.318046+00:00,107,84.112,783860,87.726,713393,2.368,70467,951.868,1,100.0,4920,99.837
https://www.github.com/SierraDevsec/clnode,overall,2026-02-04T17:00:56+00:00,2026-02-24T00:04:38.595683+00:00,103,77.67,24976,95.68,6720,95.744,18256,95.656,1,100.0,220,100.0
https://www.github.com/sigilante/goth,overall,2026-01-19T17:21:51+00:00,2026-02-24T01:51:54.706211+00:00,139,86.331,62179,96.102,6224,97.14,55955,95.986,4,75.0,508,87.402
https://www.github.com/simonstaton/AgentManager,overall,2026-02-17T21:41:31+00:00,2026-02-24T00:24:25.530361+00:00,159,88.05,34141,88.744,11754,88.974,22387,88.623,5,100.0,209,93.301
https://www.github.com/SimplyLiz/CodeMCP,overall,2025-12-16T16:56:19+00:00,2026-02-24T00:26:33.304758+00:00,267,94.757,298047,99.782,55489,20.191,242558,117.99,4,100.0,743,99.462
https://www.github.com/sjnims/cc-plugin-eval,overall,2026-01-01T18:44:40+00:00,2026-02-24T00:47:22.733264+00:00,254,98.425,54086,99.874,16083,99.894,38003,99.866,2,100.0,244,100.0
https://www.github.com/skanehira/version-lsp,overall,2025-12-05T00:51:44+00:00,2026-02-24T01:17:51.488962+00:00,128,75.0,25383,77.836,7409,63.936,17974,83.565,4,50.0,84,83.333
https://www.github.com/slive777/OpenAver,overall,2026-01-05T16:00:32+00:00,2026-02-24T02:29:28.369619+00:00,529,85.633,90516,79.959,35226,67.916,55290,87.632,2,100.0,277,81.588
https://www.github.com/smileformylove/MemScreen,overall,2026-01-23T15:50:24+00:00,2026-02-23T23:44:18.963743+00:00,164,78.049,123477,77.42,54974,77.988,68503,76.965,2,50.0,604,77.649
https://www.github.com/Smokestack-Games/rbxsync,overall,2026-01-11T04:08:39+00:00,2026-02-24T00:06:31.615690+00:00,168,84.524,1292533,99.845,23621,90.538,1268912,100.019,2,100.0,218,97.248
https://www.github.com/sonpiaz/evox,overall,2026-02-01T02:16:27+00:00,2026-02-24T01:19:04.762166+00:00,549,80.692,130859,84.571,30782,90.28,100077,82.815,2,100.0,742,89.084
https://www.github.com/Soul-Brews-Studio/oracle-v2,overall,2025-12-24T02:01:09+00:00,2026-02-24T01:15:46.308939+00:00,248,87.097,88723,98.469,42934,99.203,45789,97.781,3,100.0,326,98.16
https://www.github.com/SpartanLabsXyz/simmer-sdk,overall,2026-01-18T08:40:56+00:00,2026-02-24T00:58:31.049752+00:00,204,79.902,21741,68.106,5068,86.721,16673,62.448,6,16.667,98,78.571
https://www.github.com/st0012/cctop,overall,2026-01-26T12:38:31+00:00,2026-02-24T02:07:06.043120+00:00,209,96.172,31618,97.846,20473,84.594,11145,122.189,4,50.0,138,100.0
https://www.github.com/stefanpenner/chirp,overall,2026-02-14T05:27:10+00:00,2026-02-24T01:36:02.497731+00:00,122,86.066,26913,98.302,6203,97.985,20710,98.397,3,33.333,93,100.0
https://www.github.com/stevehuang0115/agentmux,overall,2025-08-27T13:46:16+00:00,2026-02-24T02:53:07.091689+00:00,244,92.623,1473919,95.988,2370295,10.774,-896376,-129.344,7,85.714,16334,45.139
https://www.github.com/stevehuang0115/crewly,overall,2025-08-27T13:46:16+00:00,2026-02-24T00:35:40.792088+00:00,244,92.623,1473919,95.988,2370295,10.774,-896376,-129.344,7,85.714,16334,45.139
https://www.github.com/stevencheist/HamTabv1,overall,2026-01-31T04:52:38+00:00,2026-02-24T01:23:26.190903+00:00,369,90.786,80247,97.027,27706,98.426,52541,96.289,5,80.0,132,97.727
https://www.github.com/strataga/agentarch,overall,2026-01-21T06:28:11+00:00,2026-02-24T01:00:44.864899+00:00,141,90.78,117724,87.579,62730,99.484,54994,74.001,3,33.333,5402,98.612
https://www.github.com/strawgate/py-key-value,overall,2025-10-25T23:17:26+00:00,2026-02-24T01:50:07.742604+00:00,105,81.905,27291,95.079,21206,94.492,6085,97.124,7,71.429,582,99.656
https://www.github.com/stuckinaboot/net-public,overall,2025-12-14T23:49:58+00:00,2026-02-24T00:47:22.554660+00:00,158,75.949,90252,75.817,25513,93.341,64739,68.911,3,100.0,518,81.66
https://www.github.com/Suncuss/BirdNET-PiPy,overall,2025-12-18T21:41:53+00:00,2026-02-24T01:58:31.370988+00:00,100,81.0,244501,93.336,196231,99.202,48270,69.488,1,100.0,271,85.978
https://www.github.com/Sunwood-AI-OSS-Hub/OpenClaw-Docker,overall,2026-01-23T04:29:41+00:00,2026-02-23T23:49:04.980067+00:00,148,93.243,10157,98.759,2754,98.838,7403,98.73,6,100.0,67,100.0
https://www.github.com/SWORDOps/SWORDSwarm,overall,2025-11-15T01:41:33+00:00,2026-02-24T00:19:18.593028+00:00,71,81.69,142282,34.637,158787,0.783,-16505,-291.051,6,16.667,642,27.414
https://www.github.com/taaderbe/linuxgamebench,overall,2026-01-02T10:45:08+00:00,2026-02-23T23:49:39.059042+00:00,104,91.346,17599,98.744,6404,98.704,11195,98.767,2,50.0,69,98.551
https://www.github.com/takeshy/obsidian-gemini-helper,overall,2025-12-10T10:05:25+00:00,2026-02-24T00:25:37.078763+00:00,234,76.923,82016,98.905,14489,95.887,67527,99.553,3,100.0,122,99.18
https://www.github.com/team-attention/hoyeon,overall,2026-01-22T08:54:18+00:00,2026-02-24T02:51:00.728874+00:00,170,94.706,44829,94.202,26020,79.969,18809,113.892,2,50.0,393,99.491
https://www.github.com/team-mirai-volunteer/video-processor,overall,2026-01-23T15:17:32+00:00,2026-02-24T01:17:22.476626+00:00,440,91.591,115642,96.904,23847,61.563,91795,106.085,3,66.667,866,89.376
https://www.github.com/TechSquidTV/Tuvix-RSS,overall,2025-11-25T03:22:44+00:00,2026-02-24T02:33:42.380187+00:00,350,82.857,72542,84.973,43278,71.029,29264,105.594,5,100.0,430,89.302
https://www.github.com/teng-lin/notebooklm-py,overall,2026-01-05T13:18:42+00:00,2026-02-23T23:47:23.376343+00:00,422,95.735,290248,98.523,52115,96.126,238133,99.048,4,50.0,345,99.71
https://www.github.com/tensor4all/tensor4all-rs,overall,2026-01-02T12:28:51+00:00,2026-02-24T00:56:01.802638+00:00,244,79.098,176869,90.855,86535,94.336,90334,87.521,6,83.333,759,93.939
https://www.github.com/teradata-labs/loom,overall,2026-01-09T18:02:05+00:00,2026-02-24T01:50:21.252115+00:00,250,80.4,556681,18.063,50013,93.456,506668,10.621,4,75.0,1730,56.301
https://www.github.com/The-Vibe-Company/captuto,overall,2026-02-02T20:33:32+00:00,2026-02-24T00:16:42.612131+00:00,97,79.381,40053,75.6,6581,94.347,33472,71.914,3,66.667,240,75.0
https://www.github.com/The-XSS-Rat/subScraper,overall,2025-12-17T08:14:25+00:00,2026-02-24T02:46:55.941394+00:00,164,98.78,22055,99.932,40044,99.998,-17989,100.078,2,100.0,50,100.0
https://www.github.com/TheBeardedBearSAS/claude-craft,overall,2025-12-03T15:26:31+00:00,2026-02-24T01:14:42.383682+00:00,235,98.723,1179878,99.971,441139,99.934,738739,99.992,1,100.0,4256,99.953
https://www.github.com/TheBushidoCollective/han,overall,2025-10-13T04:30:00+00:00,2026-02-24T00:59:25.326552+00:00,1544,88.277,1473241,94.684,874515,92.782,598726,97.462,9,55.556,7490,96.222
https://www.github.com/TheCaspianAI/Caspian,overall,2026-01-23T13:04:40+00:00,2026-02-24T00:38:39.573389+00:00,78,80.769,137289,10.31,79247,37.297,58042,-26.536,4,75.0,1041,21.422
https://www.github.com/therealarthur/myrlin-workbook,overall,2026-02-06T08:59:53+00:00,2026-02-23T23:39:57.004631+00:00,199,82.915,43806,93.19,8181,90.453,35625,93.819,7,57.143,52,90.385
https://www.github.com/this-rs/project-orchestrator,overall,2026-02-03T23:51:24+00:00,2026-02-24T01:23:01.877761+00:00,58,94.828,41158,99.988,3567,63.302,37591,103.469,2,100.0,85,100.0
https://www.github.com/thobiasn/tori-cli,overall,2026-02-10T07:43:00+00:00,2026-02-24T00:03:42.599702+00:00,213,97.183,59994,99.98,30637,99.967,29357,99.993,1,100.0,152,100.0
https://www.github.com/thrashr888/agentkernel,overall,2026-01-19T08:40:00+00:00,2026-02-24T01:01:57.687903+00:00,411,86.131,179197,93.359,32160,97.777,147037,92.393,3,66.667,694,98.271
https://www.github.com/thruflo/wisp,overall,2026-01-16T20:10:19+00:00,2026-02-24T01:19:21.151915+00:00,114,87.719,35573,97.386,1783,95.513,33790,97.484,2,100.0,127,98.425
https://www.github.com/thumpersecure/Spin,overall,2026-01-18T03:20:20+00:00,2026-02-24T02:03:45.005900+00:00,76,86.842,89882,99.734,31925,99.962,57957,99.608,5,80.0,248,99.597
https://www.github.com/timiliris/Hytale-Docs,overall,2026-01-11T15:33:29+00:00,2026-02-24T02:03:45.027792+00:00,180,90.556,264448,72.519,18621,96.896,245827,70.673,9,11.111,842,74.941
https://www.github.com/tinqerjs/tinqer,overall,2025-09-20T04:24:13+00:00,2026-02-24T00:38:56.122068+00:00,312,84.615,154357,87.964,64567,94.716,89790,83.109,1,100.0,621,97.262
https://www.github.com/tldev/dorso,overall,2026-01-24T19:37:32+00:00,2026-02-24T01:23:51.778940+00:00,181,79.558,17940,90.73,6452,93.893,11488,88.954,9,33.333,82,100.0
https://www.github.com/tldev/posturr,overall,2026-01-24T19:37:32+00:00,2026-02-24T02:31:40.590279+00:00,181,79.558,17940,90.73,6452,93.893,11488,88.954,9,33.333,82,100.0
https://www.github.com/tobi/liquid-il,overall,2026-01-06T04:42:54+00:00,2026-02-23T23:49:23.806334+00:00,187,78.61,29569,94.616,4609,90.475,24960,95.381,2,50.0,86,88.372
https://www.github.com/tobiasosborne/alethfeld,overall,2025-12-27T12:31:47+00:00,2026-02-24T01:53:36.806679+00:00,175,84.0,107428,77.13,22696,81.508,84732,75.957,2,50.0,568,76.585
https://www.github.com/tokendad/NesVentory,overall,2025-11-20T16:27:25+00:00,2026-02-24T01:25:50.397644+00:00,402,75.622,94602,92.897,702185,96.523,-607583,97.088,7,57.143,812,92.241
https://www.github.com/tony1223/better-agent-terminal,overall,2025-12-17T01:21:39+00:00,2026-02-24T01:40:36.911514+00:00,90,78.889,42920,87.7,14769,53.978,28151,105.392,7,71.429,77,88.312
https://www.github.com/Topos-Labs/infiniloom,overall,2025-12-23T04:07:00+00:00,2026-02-24T00:25:30.139953+00:00,97,91.753,125637,99.881,53882,99.9,71755,99.868,2,50.0,287,100.0
https://www.github.com/torlando-tech/ble-reticulum,overall,2025-10-28T23:09:48+00:00,2026-02-24T00:00:25.830975+00:00,261,80.46,47933,97.267,10907,97.359,37026,97.24,3,66.667,76,97.368
https://www.github.com/torlando-tech/columba,overall,2025-12-01T19:09:53+00:00,2026-02-24T01:48:22.453581+00:00,1721,89.134,462771,94.276,148071,79.948,314700,101.017,15,26.667,1086,95.304
https://www.github.com/tractorjuice/arc-kit,overall,2025-10-14T10:30:16+00:00,2026-02-24T01:38:40.993565+00:00,580,86.897,513830,73.433,256009,42.784,257821,103.866,4,50.0,1160,87.328
https://www.github.com/tradermonty/claude-trading-skills,overall,2025-10-27T02:09:51+00:00,2026-02-24T01:53:39.413626+00:00,101,91.089,176582,98.19,70268,99.165,106314,97.545,6,83.333,765,99.477
https://www.github.com/travisjneuman/.claude,overall,2025-12-17T13:40:09+00:00,2026-02-24T00:04:46.424655+00:00,235,88.085,675393,97.043,502767,98.802,172626,91.918,1,100.0,2208,99.275
https://www.github.com/treadiehq/private-connect,overall,2026-01-29T18:29:45+00:00,2026-02-24T01:08:39.704173+00:00,86,79.07,8816,55.377,3426,21.57,5390,76.865,1,100.0,123,69.106
https://www.github.com/treasure-data/td-skills,overall,2025-10-21T07:35:52+00:00,2026-02-24T00:24:58.138310+00:00,99,86.869,40267,92.582,12638,99.351,27629,89.486,9,88.889,142,93.662
https://www.github.com/Trusera/ai-bom,overall,2026-02-08T20:26:31+00:00,2026-02-24T01:20:28.078783+00:00,123,89.431,67950,87.748,5127,94.87,62823,87.167,13,7.692,378,96.296
https://www.github.com/tylergraydev/claude-code-tool-manager,overall,2025-12-19T18:49:03+00:00,2026-02-24T00:08:39.051785+00:00,106,75.472,87323,85.129,6487,87.375,80836,84.949,6,50.0,305,76.393
https://www.github.com/tzachbon/smart-ralph,overall,2026-01-11T22:04:05+00:00,2026-02-24T00:10:39.031491+00:00,120,86.667,80666,98.343,15200,99.224,65466,98.138,2,100.0,370,98.378
https://www.github.com/unclebob/empire-2025,overall,2026-01-07T14:58:04+00:00,2026-02-24T01:58:22.708117+00:00,409,98.289,87083,96.958,41451,96.34,45632,97.519,1,100.0,328,97.561
https://www.github.com/unhappychoice/gitlogue,overall,2025-11-08T21:48:31+00:00,2026-02-24T00:19:58.532584+00:00,206,78.155,24388,88.646,3822,84.851,20566,89.351,19,10.526,100,95.0
https://www.github.com/unstable-code/lyrics,overall,2025-11-21T06:28:59+00:00,2026-02-24T01:07:28.736137+00:00,455,88.571,49722,98.29,25818,98.629,23904,97.925,2,50.0,200,97.5
https://www.github.com/Unsupervisedcom/deepwork,overall,2026-01-14T16:01:57+00:00,2026-02-24T02:05:58.815278+00:00,139,97.122,78040,99.94,56793,99.921,21247,99.991,7,57.143,643,100.0
https://www.github.com/urdwyrd/urd,overall,2026-02-11T00:56:32+00:00,2026-02-24T00:48:25.722403+00:00,180,100.0,103148,100.0,4984,100.0,98164,100.0,1,100.0,397,100.0
https://www.github.com/ushironoko/octorus,overall,2026-01-20T05:53:42+00:00,2026-02-24T00:56:56.413743+00:00,179,89.385,174259,98.345,9146,85.994,165113,99.029,6,66.667,97,98.969
https://www.github.com/vanna-ai/ont-run,overall,2026-01-29T00:34:13+00:00,2026-02-24T01:09:29.038728+00:00,82,84.146,22317,97.043,3071,39.726,19246,106.188,4,50.0,158,73.418
https://www.github.com/varun369/SuperLocalMemoryV2,overall,2026-02-05T12:47:48+00:00,2026-02-24T00:06:23.958338+00:00,172,87.791,109582,98.105,47708,99.484,61874,97.041,1,100.0,396,98.99
https://www.github.com/veritasfuji-japan/veritas_os,overall,2026-01-29T14:23:25+00:00,2026-02-23T23:59:34.768432+00:00,477,99.79,56087,99.913,8866,100.0,47221,99.896,4,75.0,314,99.682
https://www.github.com/Versatly/clawvault,overall,2026-02-01T05:57:57+00:00,2026-02-24T01:51:15.348307+00:00,547,80.256,89764,61.535,46190,23.862,43574,101.469,10,50.0,462,68.831
https://www.github.com/vibeforge1111/vibeship-idearalph,overall,2026-01-17T10:16:54+00:00,2026-02-23T23:46:00.492128+00:00,168,91.071,22655,96.765,17288,98.918,5367,89.827,1,100.0,100,96.0
https://www.github.com/vibeforge1111/vibeship-scanner,overall,2025-12-01T21:06:49+00:00,2026-02-24T00:32:33.848495+00:00,445,92.135,108007,92.962,20511,99.103,87496,91.522,1,100.0,202,81.683
https://www.github.com/vibesurf-ai/VibeSurf,overall,2025-12-25T13:45:24+00:00,2026-02-24T02:03:10.694810+00:00,113,93.805,14706,99.64,27604,99.953,-12898,100.31,1,100.0,350,99.714
https://www.github.com/VibiumDev/vibium,overall,2025-12-15T03:43:21+00:00,2026-02-24T02:08:26.718444+00:00,216,91.204,74726,96.315,9912,87.389,64814,97.68,5,100.0,357,98.88
https://www.github.com/vicnaum/shinode,overall,2026-01-25T13:22:19+00:00,2026-02-24T02:31:14.581888+00:00,147,88.435,729830,99.499,705322,98.423,24508,130.468,1,100.0,1273,99.45
https://www.github.com/vimo-ai/memex,overall,2025-11-23T20:32:03+00:00,2026-02-24T01:34:06.257970+00:00,173,86.127,49890,96.737,25048,93.253,24842,100.25,2,100.0,189,100.0
https://www.github.com/VisiGrid/VisiGrid,overall,2026-01-19T21:32:11+00:00,2026-02-23T23:46:22.690486+00:00,397,88.917,282874,99.179,62270,94.593,220604,100.474,4,75.0,814,99.263
https://www.github.com/vm0-ai/vm0,overall,2025-11-14T03:27:25+00:00,2026-02-24T00:55:22.639274+00:00,1730,95.202,779513,99.268,316299,81.458,463214,111.43,18,77.778,3498,99.228
https://www.github.com/vm0-ai/vm0-skills,overall,2025-12-12T09:38:26+00:00,2026-02-24T01:18:26.308649+00:00,236,86.441,44513,97.906,16219,95.918,28294,99.046,17,100.0,108,100.0
https://www.github.com/vscarpenter/gsd-task-manager,overall,2025-10-04T20:24:36+00:00,2026-02-24T00:24:01.894806+00:00,202,80.693,156215,76.1,63273,78.773,92942,74.281,5,40.0,554,92.238
https://www.github.com/wado-lang/wado,overall,2026-01-05T13:43:03+00:00,2026-02-24T00:03:59.893965+00:00,1454,87.07,766389,91.456,463016,95.255,303373,85.658,3,100.0,2286,96.282
https://www.github.com/walf443/nginx-lint,overall,2026-01-31T12:27:52+00:00,2026-02-24T00:57:38.289787+00:00,492,91.87,81368,99.181,29738,86.906,51630,106.252,2,50.0,700,99.714
https://www.github.com/walidfaour/pwndoc-mcp-server,overall,2025-12-21T07:52:12+00:00,2026-02-24T01:34:43.524490+00:00,103,79.612,12442,68.751,6269,33.355,6173,104.698,6,66.667,57,91.228
https://www.github.com/watany-dev/kantan-ui,overall,2025-12-29T10:57:56+00:00,2026-02-24T00:43:03.733498+00:00,792,100.0,113991,100.0,26204,100.0,87787,100.0,3,66.667,412,100.0
https://www.github.com/wayfind/intent-engine,overall,2025-11-07T05:09:37+00:00,2026-02-23T23:39:51.369125+00:00,526,89.734,195736,90.645,121446,80.605,74290,107.056,12,50.0,813,83.641
https://www.github.com/webstonehq/seaquel,overall,2025-12-24T04:33:14+00:00,2026-02-24T02:22:20.568918+00:00,206,82.039,92540,92.187,24730,89.632,67810,93.119,3,66.667,438,91.096
https://www.github.com/WebXR-JP/pebble-chat-app,overall,2026-01-22T04:49:24+00:00,2026-02-24T00:34:45.585951+00:00,107,98.131,22304,99.951,2489,96.786,19815,100.348,1,100.0,90,100.0
https://www.github.com/wesm/moneyflow,overall,2025-10-11T20:59:54+00:00,2026-02-24T00:07:17.051371+00:00,524,75.382,94507,94.055,31037,83.484,63470,99.225,6,66.667,295,94.237
https://www.github.com/wesm/msgvault,overall,2026-01-28T20:46:26+00:00,2026-02-24T01:46:04.144262+00:00,188,89.362,66732,42.265,12955,79.421,53777,33.313,11,81.818,143,86.014
https://www.github.com/whyisjake/today,overall,2025-10-23T02:30:23+00:00,2026-02-24T00:19:06.149050+00:00,248,93.548,39522,97.786,6525,85.946,32997,100.127,3,100.0,102,97.059
https://www.github.com/williamsharkey/shiro,overall,2026-01-29T04:01:23+00:00,2026-02-24T01:57:42.764595+00:00,364,96.703,162749,99.118,119353,99.828,43396,97.166,3,100.0,902,99.889
https://www.github.com/wilson-anysphere/formula,overall,2026-01-15T12:57:48+00:00,2026-02-24T02:50:33.599800+00:00,125,90.4,38709,91.873,20283,86.95,18426,97.292,1,100.0,437,97.025
https://www.github.com/works-on-your-machine/prompt_objects,overall,2026-01-02T22:30:26+00:00,2026-02-24T02:22:57.213668+00:00,172,95.93,63353,98.867,16026,99.744,47327,98.57,3,33.333,343,99.708
https://www.github.com/wraps-team/wraps,overall,2025-11-06T16:20:27+00:00,2026-02-24T02:01:31.971442+00:00,1045,91.962,871114,91.278,222698,88.762,648416,92.142,5,60.0,2696,97.107
https://www.github.com/writingmate/aidictation,overall,2025-10-20T20:22:46+00:00,2026-02-24T02:40:55.069170+00:00,158,81.646,135395,90.211,19003,86.728,116392,90.779,3,66.667,1091,95.234
https://www.github.com/WSzP/cv-warlock,overall,2026-01-17T12:31:22+00:00,2026-02-23T23:59:34.739841+00:00,173,82.081,44804,96.386,9829,88.229,34975,98.679,1,100.0,117,97.436
https://www.github.com/xiehust/owork,overall,2026-01-22T01:35:22+00:00,2026-02-24T00:47:12.631351+00:00,180,78.889,24179,87.303,8413,58.933,15766,102.442,3,66.667,148,93.243
https://www.github.com/Yeachan-Heo/oh-my-claude-sisyphus,overall,2026-01-09T03:49:24+00:00,2026-02-24T01:37:41.896933+00:00,929,84.069,615939,89.117,285419,53.836,330520,119.584,38,50.0,3712,98.168
https://www.github.com/Yeachan-Heo/oh-my-claudecode,overall,2026-01-09T03:49:24+00:00,2026-02-24T01:59:43.488008+00:00,929,84.069,615939,89.117,285419,53.836,330520,119.584,38,50.0,3712,98.168
https://www.github.com/Yeraze/eeroVista,overall,2025-10-19T13:43:04+00:00,2026-02-24T01:45:49.040174+00:00,227,86.344,26746,96.351,3991,81.533,22755,98.95,3,33.333,103,97.087
https://www.github.com/Yeraze/meshmanager,overall,2025-12-08T21:53:19+00:00,2026-02-24T00:22:43.940452+00:00,89,92.135,38696,99.201,2403,99.043,36293,99.212,5,80.0,195,97.436
https://www.github.com/Yeraze/meshmonitor,overall,2025-09-25T21:08:46+00:00,2026-02-23T23:57:40.673497+00:00,1029,81.924,331148,79.972,66471,77.131,264677,80.685,29,34.483,779,89.987
https://www.github.com/yoanbernabeu/grepai,overall,2026-01-09T13:24:44+00:00,2026-02-24T02:39:23.942429+00:00,157,81.529,866495,98.578,5548,83.76,860947,98.673,27,37.037,231,90.909
https://www.github.com/yoheinakajima/babyagi3,overall,2026-01-30T06:24:31+00:00,2026-02-24T00:23:20.345726+00:00,141,83.688,48957,96.534,10644,89.365,38313,98.525,3,66.667,112,97.321
https://www.github.com/yohey-w/multi-agent-shogun,overall,2026-01-25T02:14:48+00:00,2026-02-24T01:05:38.697849+00:00,183,81.967,62862,86.703,17649,91.133,45213,84.973,10,50.0,146,93.836
https://www.github.com/yonatangross/orchestkit,overall,2025-12-31T05:58:42+00:00,2026-02-24T01:27:28.908237+00:00,266,95.489,2422630,99.978,1403434,99.947,1019196,100.02,3,66.667,16055,100.0
https://www.github.com/yonatangross/skillforge-claude-plugin,overall,2025-12-31T05:58:42+00:00,2026-02-24T00:30:41.361282+00:00,266,95.489,2422630,99.978,1403434,99.947,1019196,100.02,3,66.667,16055,100.0
https://www.github.com/YUZU-Hub/appscreen,overall,2025-11-29T22:39:23+00:00,2026-02-24T02:12:54.414271+00:00,93,79.57,20929,95.939,7627,97.784,13302,94.88,16,37.5,37,89.189
https://www.github.com/yxhpy/qcc_plus,overall,2025-11-22T14:17:57+00:00,2026-02-24T01:22:13.215998+00:00,229,79.039,132959,98.77,10151,94.365,122808,99.134,4,25.0,1178,99.83
https://www.github.com/zilliztech/memsearch,overall,2026-02-09T02:11:42+00:00,2026-02-24T00:43:56.770743+00:00,114,100.0,11158,100.0,3151,100.0,8007,100.0,1,100.0,73,100.0
https://www.github.com/zylos-ai/zylos-core,overall,2026-02-02T08:02:01+00:00,2026-02-24T01:44:37.757502+00:00,223,96.413,63925,99.679,30883,99.637,33042,99.719,7,85.714,299,100.0